city,date,mean_pm25
Iqaluit,2013-01-01,
Iqaluit,2013-01-02,
Iqaluit,2013-01-03,
Iqaluit,2013-01-04,
Iqaluit,2013-01-05,
Iqaluit,2013-01-06,
Iqaluit,2013-01-07,
Iqaluit,2013-01-08,
Iqaluit,2013-01-09,
Iqaluit,2013-01-10,
Iqaluit,2013-01-11,
Iqaluit,2013-01-12,
Iqaluit,2013-01-13,
Iqaluit,2013-01-14,
Iqaluit,2013-01-15,
Iqaluit,2013-01-16,
Iqaluit,2013-01-17,
Iqaluit,2013-01-18,
Iqaluit,2013-01-19,
Iqaluit,2013-01-20,
Iqaluit,2013-01-21,
Iqaluit,2013-01-22,
Iqaluit,2013-01-23,
Iqaluit,2013-01-24,
Iqaluit,2013-01-25,
Iqaluit,2013-01-26,
Iqaluit,2013-01-27,
Iqaluit,2013-01-28,
Iqaluit,2013-01-29,
Iqaluit,2013-01-30,
Iqaluit,2013-01-31,
Iqaluit,2013-02-01,
Iqaluit,2013-02-02,
Iqaluit,2013-02-03,
Iqaluit,2013-02-04,
Iqaluit,2013-02-05,
Iqaluit,2013-02-06,
Iqaluit,2013-02-07,
Iqaluit,2013-02-08,
Iqaluit,2013-02-09,
Iqaluit,2013-02-10,
Iqaluit,2013-02-11,
Iqaluit,2013-02-12,
Iqaluit,2013-02-13,
Iqaluit,2013-02-14,
Iqaluit,2013-02-15,
Iqaluit,2013-02-16,
Iqaluit,2013-02-17,
Iqaluit,2013-02-18,
Iqaluit,2013-02-19,
Iqaluit,2013-02-20,
Iqaluit,2013-02-21,
Iqaluit,2013-02-22,
Iqaluit,2013-02-23,
Iqaluit,2013-02-24,
Iqaluit,2013-02-25,
Iqaluit,2013-02-26,
Iqaluit,2013-02-27,
Iqaluit,2013-02-28,
Iqaluit,2013-03-01,
Iqaluit,2013-03-02,
Iqaluit,2013-03-03,
Iqaluit,2013-03-04,
Iqaluit,2013-03-05,
Iqaluit,2013-03-06,
Iqaluit,2013-03-07,
Iqaluit,2013-03-08,
Iqaluit,2013-03-09,
Iqaluit,2013-03-10,
Iqaluit,2013-03-11,
Iqaluit,2013-03-12,
Iqaluit,2013-03-13,
Iqaluit,2013-03-14,
Iqaluit,2013-03-15,
Iqaluit,2013-03-16,
Iqaluit,2013-03-17,
Iqaluit,2013-03-18,
Iqaluit,2013-03-19,
Iqaluit,2013-03-20,
Iqaluit,2013-03-21,
Iqaluit,2013-03-22,
Iqaluit,2013-03-23,
Iqaluit,2013-03-24,
Iqaluit,2013-03-25,
Iqaluit,2013-03-26,
Iqaluit,2013-03-27,
Iqaluit,2013-03-28,
Iqaluit,2013-03-29,
Iqaluit,2013-03-30,
Iqaluit,2013-03-31,
Iqaluit,2013-04-01,
Iqaluit,2013-04-02,
Iqaluit,2013-04-03,
Iqaluit,2013-04-04,
Iqaluit,2013-04-05,
Iqaluit,2013-04-06,
Iqaluit,2013-04-07,
Iqaluit,2013-04-08,
Iqaluit,2013-04-09,
Iqaluit,2013-04-10,
Iqaluit,2013-04-11,
Iqaluit,2013-04-12,
Iqaluit,2013-04-13,
Iqaluit,2013-04-14,
Iqaluit,2013-04-15,
Iqaluit,2013-04-16,
Iqaluit,2013-04-17,
Iqaluit,2013-04-18,
Iqaluit,2013-04-19,
Iqaluit,2013-04-20,
Iqaluit,2013-04-21,
Iqaluit,2013-04-22,
Iqaluit,2013-04-23,
Iqaluit,2013-04-24,
Iqaluit,2013-04-25,
Iqaluit,2013-04-26,
Iqaluit,2013-04-27,
Iqaluit,2013-04-28,
Iqaluit,2013-04-29,
Iqaluit,2013-04-30,
Iqaluit,2013-05-01,
Iqaluit,2013-05-02,
Iqaluit,2013-05-03,
Iqaluit,2013-05-04,
Iqaluit,2013-05-05,
Iqaluit,2013-05-06,
Iqaluit,2013-05-07,
Iqaluit,2013-05-08,
Iqaluit,2013-05-09,
Iqaluit,2013-05-10,
Iqaluit,2013-05-11,
Iqaluit,2013-05-12,
Iqaluit,2013-05-13,
Iqaluit,2013-05-14,
Iqaluit,2013-05-15,
Iqaluit,2013-05-16,
Iqaluit,2013-05-17,
Iqaluit,2013-05-18,
Iqaluit,2013-05-19,
Iqaluit,2013-05-20,
Iqaluit,2013-05-21,
Iqaluit,2013-05-22,
Iqaluit,2013-05-23,
Iqaluit,2013-05-24,
Iqaluit,2013-05-25,
Iqaluit,2013-05-26,
Iqaluit,2013-05-27,
Iqaluit,2013-05-28,
Iqaluit,2013-05-29,
Iqaluit,2013-05-30,
Iqaluit,2013-05-31,
Iqaluit,2013-06-01,
Iqaluit,2013-06-02,
Iqaluit,2013-06-03,
Iqaluit,2013-06-04,
Iqaluit,2013-06-05,
Iqaluit,2013-06-06,
Iqaluit,2013-06-07,
Iqaluit,2013-06-08,
Iqaluit,2013-06-09,
Iqaluit,2013-06-10,
Iqaluit,2013-06-11,
Iqaluit,2013-06-12,
Iqaluit,2013-06-13,
Iqaluit,2013-06-14,
Iqaluit,2013-06-15,
Iqaluit,2013-06-16,
Iqaluit,2013-06-17,
Iqaluit,2013-06-18,
Iqaluit,2013-06-19,
Iqaluit,2013-06-20,
Iqaluit,2013-06-21,
Iqaluit,2013-06-22,
Iqaluit,2013-06-23,
Iqaluit,2013-06-24,
Iqaluit,2013-06-25,
Iqaluit,2013-06-26,
Iqaluit,2013-06-27,
Iqaluit,2013-06-28,
Iqaluit,2013-06-29,
Iqaluit,2013-06-30,
Iqaluit,2013-07-01,
Iqaluit,2013-07-02,
Iqaluit,2013-07-03,
Iqaluit,2013-07-04,
Iqaluit,2013-07-05,
Iqaluit,2013-07-06,
Iqaluit,2013-07-07,
Iqaluit,2013-07-08,
Iqaluit,2013-07-09,
Iqaluit,2013-07-10,
Iqaluit,2013-07-11,
Iqaluit,2013-07-12,
Iqaluit,2013-07-13,
Iqaluit,2013-07-14,
Iqaluit,2013-07-15,
Iqaluit,2013-07-16,
Iqaluit,2013-07-17,
Iqaluit,2013-07-18,
Iqaluit,2013-07-19,
Iqaluit,2013-07-20,
Iqaluit,2013-07-21,
Iqaluit,2013-07-22,
Iqaluit,2013-07-23,
Iqaluit,2013-07-24,
Iqaluit,2013-07-25,
Iqaluit,2013-07-26,
Iqaluit,2013-07-27,
Iqaluit,2013-07-28,
Iqaluit,2013-07-29,
Iqaluit,2013-07-30,
Iqaluit,2013-07-31,
Iqaluit,2013-08-01,
Iqaluit,2013-08-02,
Iqaluit,2013-08-03,
Iqaluit,2013-08-04,
Iqaluit,2013-08-05,
Iqaluit,2013-08-06,
Iqaluit,2013-08-07,
Iqaluit,2013-08-08,
Iqaluit,2013-08-09,
Iqaluit,2013-08-10,
Iqaluit,2013-08-11,
Iqaluit,2013-08-12,
Iqaluit,2013-08-13,
Iqaluit,2013-08-14,
Iqaluit,2013-08-15,
Iqaluit,2013-08-16,
Iqaluit,2013-08-17,
Iqaluit,2013-08-18,
Iqaluit,2013-08-19,
Iqaluit,2013-08-20,
Iqaluit,2013-08-21,
Iqaluit,2013-08-22,
Iqaluit,2013-08-23,
Iqaluit,2013-08-24,
Iqaluit,2013-08-25,
Iqaluit,2013-08-26,
Iqaluit,2013-08-27,
Iqaluit,2013-08-28,
Iqaluit,2013-08-29,
Iqaluit,2013-08-30,
Iqaluit,2013-08-31,
Iqaluit,2013-09-01,
Iqaluit,2013-09-02,
Iqaluit,2013-09-03,
Iqaluit,2013-09-04,
Iqaluit,2013-09-05,
Iqaluit,2013-09-06,
Iqaluit,2013-09-07,
Iqaluit,2013-09-08,
Iqaluit,2013-09-09,
Iqaluit,2013-09-10,
Iqaluit,2013-09-11,
Iqaluit,2013-09-12,
Iqaluit,2013-09-13,
Iqaluit,2013-09-14,
Iqaluit,2013-09-15,
Iqaluit,2013-09-16,
Iqaluit,2013-09-17,
Iqaluit,2013-09-18,
Iqaluit,2013-09-19,
Iqaluit,2013-09-20,
Iqaluit,2013-09-21,
Iqaluit,2013-09-22,
Iqaluit,2013-09-23,
Iqaluit,2013-09-24,
Iqaluit,2013-09-25,
Iqaluit,2013-09-26,
Iqaluit,2013-09-27,
Iqaluit,2013-09-28,
Iqaluit,2013-09-29,
Iqaluit,2013-09-30,
Iqaluit,2013-10-01,
Iqaluit,2013-10-02,
Iqaluit,2013-10-03,
Iqaluit,2013-10-04,
Iqaluit,2013-10-05,
Iqaluit,2013-10-06,
Iqaluit,2013-10-07,
Iqaluit,2013-10-08,
Iqaluit,2013-10-09,
Iqaluit,2013-10-10,
Iqaluit,2013-10-11,
Iqaluit,2013-10-12,
Iqaluit,2013-10-13,
Iqaluit,2013-10-14,
Iqaluit,2013-10-15,
Iqaluit,2013-10-16,
Iqaluit,2013-10-17,
Iqaluit,2013-10-18,
Iqaluit,2013-10-19,
Iqaluit,2013-10-20,
Iqaluit,2013-10-21,
Iqaluit,2013-10-22,
Iqaluit,2013-10-23,
Iqaluit,2013-10-24,
Iqaluit,2013-10-25,
Iqaluit,2013-10-26,
Iqaluit,2013-10-27,
Iqaluit,2013-10-28,
Iqaluit,2013-10-29,
Iqaluit,2013-10-30,
Iqaluit,2013-10-31,
Iqaluit,2013-11-01,
Iqaluit,2013-11-02,
Iqaluit,2013-11-03,
Iqaluit,2013-11-04,
Iqaluit,2013-11-05,
Iqaluit,2013-11-06,
Iqaluit,2013-11-07,
Iqaluit,2013-11-08,
Iqaluit,2013-11-09,
Iqaluit,2013-11-10,
Iqaluit,2013-11-11,
Iqaluit,2013-11-12,
Iqaluit,2013-11-13,
Iqaluit,2013-11-14,
Iqaluit,2013-11-15,
Iqaluit,2013-11-16,
Iqaluit,2013-11-17,
Iqaluit,2013-11-18,
Iqaluit,2013-11-19,
Iqaluit,2013-11-20,
Iqaluit,2013-11-21,
Iqaluit,2013-11-22,
Iqaluit,2013-11-23,
Iqaluit,2013-11-24,
Iqaluit,2013-11-25,
Iqaluit,2013-11-26,
Iqaluit,2013-11-27,
Iqaluit,2013-11-28,
Iqaluit,2013-11-29,
Iqaluit,2013-11-30,
Iqaluit,2013-12-01,
Iqaluit,2013-12-02,
Iqaluit,2013-12-03,
Iqaluit,2013-12-04,
Iqaluit,2013-12-05,
Iqaluit,2013-12-06,
Iqaluit,2013-12-07,
Iqaluit,2013-12-08,
Iqaluit,2013-12-09,
Iqaluit,2013-12-10,
Iqaluit,2013-12-11,
Iqaluit,2013-12-12,
Iqaluit,2013-12-13,
Iqaluit,2013-12-14,
Iqaluit,2013-12-15,
Iqaluit,2013-12-16,
Iqaluit,2013-12-17,
Iqaluit,2013-12-18,
Iqaluit,2013-12-19,
Iqaluit,2013-12-20,
Iqaluit,2013-12-21,
Iqaluit,2013-12-22,
Iqaluit,2013-12-23,
Iqaluit,2013-12-24,
Iqaluit,2013-12-25,
Iqaluit,2013-12-26,
Iqaluit,2013-12-27,
Iqaluit,2013-12-28,
Iqaluit,2013-12-29,
Iqaluit,2013-12-30,
Iqaluit,2013-12-31,1.0
Iqaluit,2014-01-01,3.5
Iqaluit,2014-01-02,2.875
Iqaluit,2014-01-03,3.2916666666666665
Iqaluit,2014-01-04,2.875
Iqaluit,2014-01-05,1.7083333333333333
Iqaluit,2014-01-06,9.291666666666666
Iqaluit,2014-01-07,47.9375
Iqaluit,2014-01-08,13.368421052631579
Iqaluit,2014-01-09,5.083333333333333
Iqaluit,2014-01-10,4.833333333333333
Iqaluit,2014-01-11,4.833333333333333
Iqaluit,2014-01-12,2.0833333333333335
Iqaluit,2014-01-13,2.2916666666666665
Iqaluit,2014-01-14,3.0833333333333335
Iqaluit,2014-01-15,2.1666666666666665
Iqaluit,2014-01-16,3.625
Iqaluit,2014-01-17,6.75
Iqaluit,2014-01-18,5.958333333333333
Iqaluit,2014-01-19,8.25
Iqaluit,2014-01-20,9.25
Iqaluit,2014-01-21,3.0
Iqaluit,2014-01-22,2.75
Iqaluit,2014-01-23,2.6956521739130435
Iqaluit,2014-01-24,10.956521739130435
Iqaluit,2014-01-25,5.416666666666667
Iqaluit,2014-01-26,3.608695652173913
Iqaluit,2014-01-27,17.083333333333332
Iqaluit,2014-01-28,12.25
Iqaluit,2014-01-29,9.75
Iqaluit,2014-01-30,10.458333333333334
Iqaluit,2014-01-31,7.458333333333333
Iqaluit,2014-02-01,10.791666666666666
Iqaluit,2014-02-02,12.5
Iqaluit,2014-02-03,7.0588235294117645
Iqaluit,2014-02-04,13.785714285714286
Iqaluit,2014-02-05,4.75
Iqaluit,2014-02-06,7.875
Iqaluit,2014-02-07,5.583333333333333
Iqaluit,2014-02-08,9.125
Iqaluit,2014-02-09,12.5
Iqaluit,2014-02-10,7.583333333333333
Iqaluit,2014-02-11,10.846153846153847
Iqaluit,2014-02-12,13.68421052631579
Iqaluit,2014-02-13,10.045454545454545
Iqaluit,2014-02-14,7.75
Iqaluit,2014-02-15,13.65
Iqaluit,2014-02-16,12.571428571428571
Iqaluit,2014-02-17,9.3
Iqaluit,2014-02-18,8.916666666666666
Iqaluit,2014-02-19,15.727272727272727
Iqaluit,2014-02-20,6.4
Iqaluit,2014-02-21,8.619047619047619
Iqaluit,2014-02-22,6.705882352941177
Iqaluit,2014-02-23,
Iqaluit,2014-02-24,
Iqaluit,2014-02-25,
Iqaluit,2014-02-26,
Iqaluit,2014-02-27,
Iqaluit,2014-02-28,
Iqaluit,2014-03-01,
Iqaluit,2014-03-02,
Iqaluit,2014-03-03,
Iqaluit,2014-03-04,
Iqaluit,2014-03-05,
Iqaluit,2014-03-06,31.75
Iqaluit,2014-03-07,11.529411764705882
Iqaluit,2014-03-08,11.458333333333334
Iqaluit,2014-03-09,9.277777777777779
Iqaluit,2014-03-10,6.9
Iqaluit,2014-03-11,8.375
Iqaluit,2014-03-12,7.8
Iqaluit,2014-03-13,5.416666666666667
Iqaluit,2014-03-14,3.823529411764706
Iqaluit,2014-03-15,5.291666666666667
Iqaluit,2014-03-16,3.875
Iqaluit,2014-03-17,3.9166666666666665
Iqaluit,2014-03-18,4.375
Iqaluit,2014-03-19,5.166666666666667
Iqaluit,2014-03-20,7.833333333333333
Iqaluit,2014-03-21,12.0
Iqaluit,2014-03-22,12.26086956521739
Iqaluit,2014-03-23,5.541666666666667
Iqaluit,2014-03-24,5.2
Iqaluit,2014-03-25,9.058823529411764
Iqaluit,2014-03-26,6.708333333333333
Iqaluit,2014-03-27,9.25
Iqaluit,2014-03-28,14.625
Iqaluit,2014-03-29,8.666666666666666
Iqaluit,2014-03-30,6.666666666666667
Iqaluit,2014-03-31,6.291666666666667
Iqaluit,2014-04-01,7.0
Iqaluit,2014-04-02,4.666666666666667
Iqaluit,2014-04-03,4.875
Iqaluit,2014-04-04,5.25
Iqaluit,2014-04-05,4.625
Iqaluit,2014-04-06,5.416666666666667
Iqaluit,2014-04-07,4.75
Iqaluit,2014-04-08,3.7916666666666665
Iqaluit,2014-04-09,6.125
Iqaluit,2014-04-10,5.375
Iqaluit,2014-04-11,4.375
Iqaluit,2014-04-12,6.458333333333333
Iqaluit,2014-04-13,5.916666666666667
Iqaluit,2014-04-14,6.583333333333333
Iqaluit,2014-04-15,7.791666666666667
Iqaluit,2014-04-16,5.541666666666667
Iqaluit,2014-04-17,4.545454545454546
Iqaluit,2014-04-18,5.291666666666667
Iqaluit,2014-04-19,8.625
Iqaluit,2014-04-20,7.833333333333333
Iqaluit,2014-04-21,4.75
Iqaluit,2014-04-22,4.708333333333333
Iqaluit,2014-04-23,6.125
Iqaluit,2014-04-24,5.458333333333333
Iqaluit,2014-04-25,5.208333333333333
Iqaluit,2014-04-26,4.291666666666667
Iqaluit,2014-04-27,5.375
Iqaluit,2014-04-28,8.208333333333334
Iqaluit,2014-04-29,6.583333333333333
Iqaluit,2014-04-30,4.875
Iqaluit,2014-05-01,2.2916666666666665
Iqaluit,2014-05-02,3.9166666666666665
Iqaluit,2014-05-03,5.625
Iqaluit,2014-05-04,4.041666666666667
Iqaluit,2014-05-05,4.791666666666667
Iqaluit,2014-05-06,5.375
Iqaluit,2014-05-07,5.958333333333333
Iqaluit,2014-05-08,4.916666666666667
Iqaluit,2014-05-09,5.333333333333333
Iqaluit,2014-05-10,9.791666666666666
Iqaluit,2014-05-11,7.208333333333333
Iqaluit,2014-05-12,6.916666666666667
Iqaluit,2014-05-13,12.217391304347826
Iqaluit,2014-05-14,5.333333333333333
Iqaluit,2014-05-15,
Iqaluit,2014-05-16,
Iqaluit,2014-05-17,
Iqaluit,2014-05-18,
Iqaluit,2014-05-19,
Iqaluit,2014-05-20,
Iqaluit,2014-05-21,
Iqaluit,2014-05-22,
Iqaluit,2014-05-23,2.090909090909091
Iqaluit,2014-05-24,2.625
Iqaluit,2014-05-25,3.5416666666666665
Iqaluit,2014-05-26,4.083333333333333
Iqaluit,2014-05-27,4.208333333333333
Iqaluit,2014-05-28,5.0
Iqaluit,2014-05-29,1.5833333333333333
Iqaluit,2014-05-30,3.4615384615384617
Iqaluit,2014-05-31,
Iqaluit,2014-06-01,
Iqaluit,2014-06-02,
Iqaluit,2014-06-03,
Iqaluit,2014-06-04,
Iqaluit,2014-06-05,4.0
Iqaluit,2014-06-06,6.125
Iqaluit,2014-06-07,4.25
Iqaluit,2014-06-08,2.375
Iqaluit,2014-06-09,2.4583333333333335
Iqaluit,2014-06-10,4.666666666666667
Iqaluit,2014-06-11,5.173913043478261
Iqaluit,2014-06-12,2.9583333333333335
Iqaluit,2014-06-13,1.5
Iqaluit,2014-06-14,1.0
Iqaluit,2014-06-15,
Iqaluit,2014-06-16,
Iqaluit,2014-06-17,2.5
Iqaluit,2014-06-18,8.0
Iqaluit,2014-06-19,1.826086956521739
Iqaluit,2014-06-20,7.476190476190476
Iqaluit,2014-06-21,9.642857142857142
Iqaluit,2014-06-22,6.4
Iqaluit,2014-06-23,4.521739130434782
Iqaluit,2014-06-24,2.3333333333333335
Iqaluit,2014-06-25,3.5833333333333335
Iqaluit,2014-06-26,5.583333333333333
Iqaluit,2014-06-27,6.083333333333333
Iqaluit,2014-06-28,12.375
Iqaluit,2014-06-29,4.65
Iqaluit,2014-06-30,4.875
Iqaluit,2014-07-01,1.875
Iqaluit,2014-07-02,2.9583333333333335
Iqaluit,2014-07-03,2.75
Iqaluit,2014-07-04,1.8333333333333333
Iqaluit,2014-07-05,1.2916666666666667
Iqaluit,2014-07-06,2.782608695652174
Iqaluit,2014-07-07,2.0416666666666665
Iqaluit,2014-07-08,1.434782608695652
Iqaluit,2014-07-09,4.086956521739131
Iqaluit,2014-07-10,2.0833333333333335
Iqaluit,2014-07-11,8.0
Iqaluit,2014-07-12,9.222222222222221
Iqaluit,2014-07-13,3.8181818181818183
Iqaluit,2014-07-14,3.272727272727273
Iqaluit,2014-07-15,5.6923076923076925
Iqaluit,2014-07-16,7.565217391304348
Iqaluit,2014-07-17,7.75
Iqaluit,2014-07-18,7.375
Iqaluit,2014-07-19,8.625
Iqaluit,2014-07-20,7.791666666666667
Iqaluit,2014-07-21,10.043478260869565
Iqaluit,2014-07-22,11.083333333333334
Iqaluit,2014-07-23,5.125
Iqaluit,2014-07-24,4.875
Iqaluit,2014-07-25,2.7916666666666665
Iqaluit,2014-07-26,3.7916666666666665
Iqaluit,2014-07-27,7.375
Iqaluit,2014-07-28,3.9166666666666665
Iqaluit,2014-07-29,5.083333333333333
Iqaluit,2014-07-30,9.75
Iqaluit,2014-07-31,11.666666666666666
Iqaluit,2014-08-01,10.416666666666666
Iqaluit,2014-08-02,8.791666666666666
Iqaluit,2014-08-03,5.75
Iqaluit,2014-08-04,7.625
Iqaluit,2014-08-05,7.5
Iqaluit,2014-08-06,2.3333333333333335
Iqaluit,2014-08-07,2.2083333333333335
Iqaluit,2014-08-08,8.375
Iqaluit,2014-08-09,3.0833333333333335
Iqaluit,2014-08-10,0.6666666666666666
Iqaluit,2014-08-11,2.9583333333333335
Iqaluit,2014-08-12,5.125
Iqaluit,2014-08-13,2.8333333333333335
Iqaluit,2014-08-14,2.4166666666666665
Iqaluit,2014-08-15,2.5833333333333335
Iqaluit,2014-08-16,3.1666666666666665
Iqaluit,2014-08-17,5.625
Iqaluit,2014-08-18,2.9166666666666665
Iqaluit,2014-08-19,2.4583333333333335
Iqaluit,2014-08-20,4.208333333333333
Iqaluit,2014-08-21,3.590909090909091
Iqaluit,2014-08-22,5.5
Iqaluit,2014-08-23,1.125
Iqaluit,2014-08-24,0.625
Iqaluit,2014-08-25,2.25
Iqaluit,2014-08-26,2.75
Iqaluit,2014-08-27,1.0833333333333333
Iqaluit,2014-08-28,3.8333333333333335
Iqaluit,2014-08-29,3.625
Iqaluit,2014-08-30,1.4583333333333333
Iqaluit,2014-08-31,2.2916666666666665
Iqaluit,2014-09-01,2.2083333333333335
Iqaluit,2014-09-02,2.6666666666666665
Iqaluit,2014-09-03,1.0416666666666667
Iqaluit,2014-09-04,2.2083333333333335
Iqaluit,2014-09-05,2.8333333333333335
Iqaluit,2014-09-06,2.5416666666666665
Iqaluit,2014-09-07,2.1666666666666665
Iqaluit,2014-09-08,2.8333333333333335
Iqaluit,2014-09-09,1.4583333333333333
Iqaluit,2014-09-10,2.1666666666666665
Iqaluit,2014-09-11,1.9166666666666667
Iqaluit,2014-09-12,1.75
Iqaluit,2014-09-13,4.875
Iqaluit,2014-09-14,2.25
Iqaluit,2014-09-15,5.375
Iqaluit,2014-09-16,4.666666666666667
Iqaluit,2014-09-17,2.3043478260869565
Iqaluit,2014-09-18,1.7083333333333333
Iqaluit,2014-09-19,1.5833333333333333
Iqaluit,2014-09-20,2.4583333333333335
Iqaluit,2014-09-21,1.9583333333333333
Iqaluit,2014-09-22,4.083333333333333
Iqaluit,2014-09-23,4.375
Iqaluit,2014-09-24,2.4583333333333335
Iqaluit,2014-09-25,3.75
Iqaluit,2014-09-26,4.166666666666667
Iqaluit,2014-09-27,3.9130434782608696
Iqaluit,2014-09-28,2.875
Iqaluit,2014-09-29,3.625
Iqaluit,2014-09-30,3.1666666666666665
Iqaluit,2014-10-01,5.666666666666667
Iqaluit,2014-10-02,9.291666666666666
Iqaluit,2014-10-03,2.9166666666666665
Iqaluit,2014-10-04,6.208333333333333
Iqaluit,2014-10-05,6.739130434782608
Iqaluit,2014-10-06,8.625
Iqaluit,2014-10-07,7.125
Iqaluit,2014-10-08,5.833333333333333
Iqaluit,2014-10-09,2.0
Iqaluit,2014-10-10,2.5416666666666665
Iqaluit,2014-10-11,4.916666666666667
Iqaluit,2014-10-12,3.75
Iqaluit,2014-10-13,1.9166666666666667
Iqaluit,2014-10-14,1.8333333333333333
Iqaluit,2014-10-15,4.291666666666667
Iqaluit,2014-10-16,3.375
Iqaluit,2014-10-17,1.6666666666666667
Iqaluit,2014-10-18,1.826086956521739
Iqaluit,2014-10-19,4.25
Iqaluit,2014-10-20,1.4166666666666667
Iqaluit,2014-10-21,1.9166666666666667
Iqaluit,2014-10-22,1.625
Iqaluit,2014-10-23,3.375
Iqaluit,2014-10-24,4.083333333333333
Iqaluit,2014-10-25,4.333333333333333
Iqaluit,2014-10-26,2.7083333333333335
Iqaluit,2014-10-27,2.75
Iqaluit,2014-10-28,2.2083333333333335
Iqaluit,2014-10-29,2.8333333333333335
Iqaluit,2014-10-30,2.0416666666666665
Iqaluit,2014-10-31,2.5
Iqaluit,2014-11-01,5.083333333333333
Iqaluit,2014-11-02,6.458333333333333
Iqaluit,2014-11-03,4.041666666666667
Iqaluit,2014-11-04,3.375
Iqaluit,2014-11-05,2.3333333333333335
Iqaluit,2014-11-06,1.5416666666666667
Iqaluit,2014-11-07,3.4583333333333335
Iqaluit,2014-11-08,2.85
Iqaluit,2014-11-09,1.75
Iqaluit,2014-11-10,2.125
Iqaluit,2014-11-11,2.5
Iqaluit,2014-11-12,3.0833333333333335
Iqaluit,2014-11-13,2.5416666666666665
Iqaluit,2014-11-14,1.25
Iqaluit,2014-11-15,1.8333333333333333
Iqaluit,2014-11-16,2.3333333333333335
Iqaluit,2014-11-17,2.7083333333333335
Iqaluit,2014-11-18,0.6666666666666666
Iqaluit,2014-11-19,1.2083333333333333
Iqaluit,2014-11-20,3.2083333333333335
Iqaluit,2014-11-21,2.4583333333333335
Iqaluit,2014-11-22,2.9166666666666665
Iqaluit,2014-11-23,2.375
Iqaluit,2014-11-24,3.3333333333333335
Iqaluit,2014-11-25,3.0416666666666665
Iqaluit,2014-11-26,4.333333333333333
Iqaluit,2014-11-27,3.9583333333333335
Iqaluit,2014-11-28,4.166666666666667
Iqaluit,2014-11-29,3.875
Iqaluit,2014-11-30,4.913043478260869
Iqaluit,2014-12-01,2.7083333333333335
Iqaluit,2014-12-02,3.6666666666666665
Iqaluit,2014-12-03,4.208333333333333
Iqaluit,2014-12-04,3.0833333333333335
Iqaluit,2014-12-05,3.5416666666666665
Iqaluit,2014-12-06,3.7083333333333335
Iqaluit,2014-12-07,1.7916666666666667
Iqaluit,2014-12-08,2.5416666666666665
Iqaluit,2014-12-09,7.916666666666667
Iqaluit,2014-12-10,4.857142857142857
Iqaluit,2014-12-11,5.375
Iqaluit,2014-12-12,11.25
Iqaluit,2014-12-13,7.833333333333333
Iqaluit,2014-12-14,4.791666666666667
Iqaluit,2014-12-15,5.416666666666667
Iqaluit,2014-12-16,7.333333333333333
Iqaluit,2014-12-17,4.708333333333333
Iqaluit,2014-12-18,4.958333333333333
Iqaluit,2014-12-19,4.133333333333334
Iqaluit,2014-12-20,8.538461538461538
Iqaluit,2014-12-21,7.291666666666667
Iqaluit,2014-12-22,3.5
Iqaluit,2014-12-23,4.208333333333333
Iqaluit,2014-12-24,5.791666666666667
Iqaluit,2014-12-25,3.875
Iqaluit,2014-12-26,3.4166666666666665
Iqaluit,2014-12-27,2.2083333333333335
Iqaluit,2014-12-28,4.416666666666667
Iqaluit,2014-12-29,5.541666666666667
Iqaluit,2014-12-30,6.130434782608695
Iqaluit,2014-12-31,
Iqaluit,2015-01-01,
Iqaluit,2015-01-02,
Iqaluit,2015-01-03,
Iqaluit,2015-01-04,
Iqaluit,2015-01-05,185.0
Iqaluit,2015-01-06,
Iqaluit,2015-01-07,5.7368421052631575
Iqaluit,2015-01-08,11.75
Iqaluit,2015-01-09,8.0
Iqaluit,2015-01-10,10.708333333333334
Iqaluit,2015-01-11,7.0
Iqaluit,2015-01-12,8.333333333333334
Iqaluit,2015-01-13,8.875
Iqaluit,2015-01-14,10.047619047619047
Iqaluit,2015-01-15,10.363636363636363
Iqaluit,2015-01-16,
Iqaluit,2015-01-17,
Iqaluit,2015-01-18,3.9
Iqaluit,2015-01-19,5.875
Iqaluit,2015-01-20,4.461538461538462
Iqaluit,2015-01-21,
Iqaluit,2015-01-22,
Iqaluit,2015-01-23,
Iqaluit,2015-01-24,
Iqaluit,2015-01-25,
Iqaluit,2015-01-26,
Iqaluit,2015-01-27,
Iqaluit,2015-01-28,
Iqaluit,2015-01-29,
Iqaluit,2015-01-30,
Iqaluit,2015-01-31,
Iqaluit,2015-02-01,
Iqaluit,2015-02-02,
Iqaluit,2015-02-03,
Iqaluit,2015-02-04,
Iqaluit,2015-02-05,
Iqaluit,2015-02-06,
Iqaluit,2015-02-07,
Iqaluit,2015-02-08,
Iqaluit,2015-02-09,
Iqaluit,2015-02-10,
Iqaluit,2015-02-11,
Iqaluit,2015-02-12,
Iqaluit,2015-02-13,
Iqaluit,2015-02-14,
Iqaluit,2015-02-15,
Iqaluit,2015-02-16,
Iqaluit,2015-02-17,
Iqaluit,2015-02-18,
Iqaluit,2015-02-19,
Iqaluit,2015-02-20,185.0
Iqaluit,2015-02-21,
Iqaluit,2015-02-22,
Iqaluit,2015-02-23,
Iqaluit,2015-02-24,
Iqaluit,2015-02-25,
Iqaluit,2015-02-26,5.636363636363637
Iqaluit,2015-02-27,3.5
Iqaluit,2015-02-28,3.857142857142857
Iqaluit,2015-03-01,4.846153846153846
Iqaluit,2015-03-02,5.583333333333333
Iqaluit,2015-03-03,4.416666666666667
Iqaluit,2015-03-04,3.3529411764705883
Iqaluit,2015-03-05,3.8
Iqaluit,2015-03-06,4.5
Iqaluit,2015-03-07,4.0
Iqaluit,2015-03-08,4.714285714285714
Iqaluit,2015-03-09,5.0
Iqaluit,2015-03-10,3.4285714285714284
Iqaluit,2015-03-11,3.0
Iqaluit,2015-03-12,4.333333333333333
Iqaluit,2015-03-13,4.111111111111111
Iqaluit,2015-03-14,5.133333333333334
Iqaluit,2015-03-15,4.4375
Iqaluit,2015-03-16,
Iqaluit,2015-03-17,24.142857142857142
Iqaluit,2015-03-18,8.666666666666666
Iqaluit,2015-03-19,4.625
Iqaluit,2015-03-20,4.25
Iqaluit,2015-03-21,7.434782608695652
Iqaluit,2015-03-22,4.826086956521739
Iqaluit,2015-03-23,5.125
Iqaluit,2015-03-24,4.25
Iqaluit,2015-03-25,4.0
Iqaluit,2015-03-26,4.166666666666667
Iqaluit,2015-03-27,5.291666666666667
Iqaluit,2015-03-28,6.458333333333333
Iqaluit,2015-03-29,6.541666666666667
Iqaluit,2015-03-30,7.833333333333333
Iqaluit,2015-03-31,10.68421052631579
Iqaluit,2015-04-01,10.541666666666666
Iqaluit,2015-04-02,8.0
Iqaluit,2015-04-03,6.958333333333333
Iqaluit,2015-04-04,3.375
Iqaluit,2015-04-05,2.125
Iqaluit,2015-04-06,4.041666666666667
Iqaluit,2015-04-07,5.083333333333333
Iqaluit,2015-04-08,6.791666666666667
Iqaluit,2015-04-09,5.958333333333333
Iqaluit,2015-04-10,4.875
Iqaluit,2015-04-11,5.541666666666667
Iqaluit,2015-04-12,5.708333333333333
Iqaluit,2015-04-13,4.913043478260869
Iqaluit,2015-04-14,4.958333333333333
Iqaluit,2015-04-15,4.541666666666667
Iqaluit,2015-04-16,7.833333333333333
Iqaluit,2015-04-17,10.75
Iqaluit,2015-04-18,10.041666666666666
Iqaluit,2015-04-19,6.375
Iqaluit,2015-04-20,5.0
Iqaluit,2015-04-21,3.0416666666666665
Iqaluit,2015-04-22,6.583333333333333
Iqaluit,2015-04-23,5.0
Iqaluit,2015-04-24,3.8333333333333335
Iqaluit,2015-04-25,4.416666666666667
Iqaluit,2015-04-26,4.041666666666667
Iqaluit,2015-04-27,4.166666666666667
Iqaluit,2015-04-28,3.3333333333333335
Iqaluit,2015-04-29,5.375
Iqaluit,2015-04-30,4.791666666666667
Iqaluit,2015-05-01,3.1666666666666665
Iqaluit,2015-05-02,3.75
Iqaluit,2015-05-03,2.2083333333333335
Iqaluit,2015-05-04,2.125
Iqaluit,2015-05-05,2.25
Iqaluit,2015-05-06,1.0833333333333333
Iqaluit,2015-05-07,0.3333333333333333
Iqaluit,2015-05-08,1.125
Iqaluit,2015-05-09,0.5833333333333334
Iqaluit,2015-05-10,1.875
Iqaluit,2015-05-11,3.3333333333333335
Iqaluit,2015-05-12,3.5
Iqaluit,2015-05-13,3.2083333333333335
Iqaluit,2015-05-14,3.5
Iqaluit,2015-05-15,4.541666666666667
Iqaluit,2015-05-16,2.75
Iqaluit,2015-05-17,2.4166666666666665
Iqaluit,2015-05-18,3.0416666666666665
Iqaluit,2015-05-19,2.7083333333333335
Iqaluit,2015-05-20,3.0
Iqaluit,2015-05-21,2.125
Iqaluit,2015-05-22,2.25
Iqaluit,2015-05-23,1.125
Iqaluit,2015-05-24,1.8333333333333333
Iqaluit,2015-05-25,2.0
Iqaluit,2015-05-26,3.125
Iqaluit,2015-05-27,2.8333333333333335
Iqaluit,2015-05-28,1.875
Iqaluit,2015-05-29,2.75
Iqaluit,2015-05-30,2.2916666666666665
Iqaluit,2015-05-31,2.6666666666666665
Iqaluit,2015-06-01,2.0833333333333335
Iqaluit,2015-06-02,2.0
Iqaluit,2015-06-03,0.7916666666666666
Iqaluit,2015-06-04,1.05
Iqaluit,2015-06-05,1.9
Iqaluit,2015-06-06,5.958333333333333
Iqaluit,2015-06-07,7.666666666666667
Iqaluit,2015-06-08,3.0
Iqaluit,2015-06-09,3.2916666666666665
Iqaluit,2015-06-10,4.625
Iqaluit,2015-06-11,2.5
Iqaluit,2015-06-12,2.9166666666666665
Iqaluit,2015-06-13,1.625
Iqaluit,2015-06-14,1.3333333333333333
Iqaluit,2015-06-15,2.0
Iqaluit,2015-06-16,2.4583333333333335
Iqaluit,2015-06-17,1.9583333333333333
Iqaluit,2015-06-18,1.3333333333333333
Iqaluit,2015-06-19,0.625
Iqaluit,2015-06-20,0.9166666666666666
Iqaluit,2015-06-21,1.375
Iqaluit,2015-06-22,1.0833333333333333
Iqaluit,2015-06-23,2.9583333333333335
Iqaluit,2015-06-24,2.347826086956522
Iqaluit,2015-06-25,2.130434782608696
Iqaluit,2015-06-26,2.25
Iqaluit,2015-06-27,1.375
Iqaluit,2015-06-28,2.0833333333333335
Iqaluit,2015-06-29,1.4583333333333333
Iqaluit,2015-06-30,2.625
Iqaluit,2015-07-01,2.8333333333333335
Iqaluit,2015-07-02,1.9583333333333333
Iqaluit,2015-07-03,2.625
Iqaluit,2015-07-04,3.0416666666666665
Iqaluit,2015-07-05,1.1666666666666667
Iqaluit,2015-07-06,2.0
Iqaluit,2015-07-07,1.0833333333333333
Iqaluit,2015-07-08,1.0
Iqaluit,2015-07-09,1.375
Iqaluit,2015-07-10,9.681818181818182
Iqaluit,2015-07-11,0.5833333333333334
Iqaluit,2015-07-12,1.2083333333333333
Iqaluit,2015-07-13,2.8333333333333335
Iqaluit,2015-07-14,1.6956521739130435
Iqaluit,2015-07-15,1.0416666666666667
Iqaluit,2015-07-16,2.3333333333333335
Iqaluit,2015-07-17,2.9166666666666665
Iqaluit,2015-07-18,1.7916666666666667
Iqaluit,2015-07-19,2.875
Iqaluit,2015-07-20,7.208333333333333
Iqaluit,2015-07-21,4.25
Iqaluit,2015-07-22,3.7916666666666665
Iqaluit,2015-07-23,3.4583333333333335
Iqaluit,2015-07-24,2.7083333333333335
Iqaluit,2015-07-25,1.9166666666666667
Iqaluit,2015-07-26,3.0833333333333335
Iqaluit,2015-07-27,1.125
Iqaluit,2015-07-28,1.125
Iqaluit,2015-07-29,1.0
Iqaluit,2015-07-30,1.4166666666666667
Iqaluit,2015-07-31,1.2916666666666667
Iqaluit,2015-08-01,0.25
Iqaluit,2015-08-02,1.25
Iqaluit,2015-08-03,3.0416666666666665
Iqaluit,2015-08-04,2.5833333333333335
Iqaluit,2015-08-05,4.083333333333333
Iqaluit,2015-08-06,11.875
Iqaluit,2015-08-07,11.333333333333334
Iqaluit,2015-08-08,6.041666666666667
Iqaluit,2015-08-09,1.75
Iqaluit,2015-08-10,21.0
Iqaluit,2015-08-11,185.0
Iqaluit,2015-08-12,2.0
Iqaluit,2015-08-13,3.0
Iqaluit,2015-08-14,2.375
Iqaluit,2015-08-15,10.25
Iqaluit,2015-08-16,2.625
Iqaluit,2015-08-17,0.8333333333333334
Iqaluit,2015-08-18,1.7916666666666667
Iqaluit,2015-08-19,1.4166666666666667
Iqaluit,2015-08-20,3.217391304347826
Iqaluit,2015-08-21,2.3333333333333335
Iqaluit,2015-08-22,3.3333333333333335
Iqaluit,2015-08-23,2.5833333333333335
Iqaluit,2015-08-24,2.0416666666666665
Iqaluit,2015-08-25,3.125
Iqaluit,2015-08-26,2.0833333333333335
Iqaluit,2015-08-27,2.0
Iqaluit,2015-08-28,2.8333333333333335
Iqaluit,2015-08-29,4.166666666666667
Iqaluit,2015-08-30,3.2916666666666665
Iqaluit,2015-08-31,6.791666666666667
Iqaluit,2015-09-01,3.1666666666666665
Iqaluit,2015-09-02,7.375
Iqaluit,2015-09-03,5.875
Iqaluit,2015-09-04,4.041666666666667
Iqaluit,2015-09-05,5.416666666666667
Iqaluit,2015-09-06,3.5416666666666665
Iqaluit,2015-09-07,2.9166666666666665
Iqaluit,2015-09-08,5.791666666666667
Iqaluit,2015-09-09,14.833333333333334
Iqaluit,2015-09-10,4.958333333333333
Iqaluit,2015-09-11,8.916666666666666
Iqaluit,2015-09-12,3.9166666666666665
Iqaluit,2015-09-13,3.7083333333333335
Iqaluit,2015-09-14,1.4166666666666667
Iqaluit,2015-09-15,5.375
Iqaluit,2015-09-16,4.5
Iqaluit,2015-09-17,4.416666666666667
Iqaluit,2015-09-18,4.708333333333333
Iqaluit,2015-09-19,4.791666666666667
Iqaluit,2015-09-20,3.4583333333333335
Iqaluit,2015-09-21,3.8333333333333335
Iqaluit,2015-09-22,8.75
Iqaluit,2015-09-23,4.541666666666667
Iqaluit,2015-09-24,4.916666666666667
Iqaluit,2015-09-25,5.541666666666667
Iqaluit,2015-09-26,4.208333333333333
Iqaluit,2015-09-27,4.125
Iqaluit,2015-09-28,3.9583333333333335
Iqaluit,2015-09-29,4.708333333333333
Iqaluit,2015-09-30,4.416666666666667
Iqaluit,2015-10-01,4.041666666666667
Iqaluit,2015-10-02,4.208333333333333
Iqaluit,2015-10-03,6.291666666666667
Iqaluit,2015-10-04,4.416666666666667
Iqaluit,2015-10-05,4.958333333333333
Iqaluit,2015-10-06,3.4583333333333335
Iqaluit,2015-10-07,3.6666666666666665
Iqaluit,2015-10-08,4.5
Iqaluit,2015-10-09,4.5
Iqaluit,2015-10-10,4.708333333333333
Iqaluit,2015-10-11,3.125
Iqaluit,2015-10-12,3.0
Iqaluit,2015-10-13,1.2916666666666667
Iqaluit,2015-10-14,6.541666666666667
Iqaluit,2015-10-15,6.208333333333333
Iqaluit,2015-10-16,9.666666666666666
Iqaluit,2015-10-17,5.708333333333333
Iqaluit,2015-10-18,5.083333333333333
Iqaluit,2015-10-19,7.083333333333333
Iqaluit,2015-10-20,4.125
Iqaluit,2015-10-21,8.125
Iqaluit,2015-10-22,5.791666666666667
Iqaluit,2015-10-23,4.416666666666667
Iqaluit,2015-10-24,3.125
Iqaluit,2015-10-25,3.875
Iqaluit,2015-10-26,7.083333333333333
Iqaluit,2015-10-27,6.708333333333333
Iqaluit,2015-10-28,5.875
Iqaluit,2015-10-29,5.583333333333333
Iqaluit,2015-10-30,3.5833333333333335
Iqaluit,2015-10-31,3.0416666666666665
Iqaluit,2015-11-01,5.208333333333333
Iqaluit,2015-11-02,12.625
Iqaluit,2015-11-03,12.666666666666666
Iqaluit,2015-11-04,-0.375
Iqaluit,2015-11-05,14.217391304347826
Iqaluit,2015-11-06,14.625
Iqaluit,2015-11-07,13.75
Iqaluit,2015-11-08,12.75
Iqaluit,2015-11-09,12.625
Iqaluit,2015-11-10,16.166666666666668
Iqaluit,2015-11-11,5.833333333333333
Iqaluit,2015-11-12,7.304347826086956
Iqaluit,2015-11-13,6.916666666666667
Iqaluit,2015-11-14,6.375
Iqaluit,2015-11-15,7.541666666666667
Iqaluit,2015-11-16,4.083333333333333
Iqaluit,2015-11-17,3.2916666666666665
Iqaluit,2015-11-18,15.25
Iqaluit,2015-11-19,7.75
Iqaluit,2015-11-20,3.625
Iqaluit,2015-11-21,4.416666666666667
Iqaluit,2015-11-22,7.541666666666667
Iqaluit,2015-11-23,24.333333333333332
Iqaluit,2015-11-24,23.291666666666668
Iqaluit,2015-11-25,10.958333333333334
Iqaluit,2015-11-26,7.458333333333333
Iqaluit,2015-11-27,10.5
Iqaluit,2015-11-28,8.083333333333334
Iqaluit,2015-11-29,15.083333333333334
Iqaluit,2015-11-30,8.541666666666666
Iqaluit,2015-12-01,9.652173913043478
Iqaluit,2015-12-02,10.833333333333334
Iqaluit,2015-12-03,9.05
Iqaluit,2015-12-04,
Iqaluit,2015-12-05,
Iqaluit,2015-12-06,10.5
Iqaluit,2015-12-07,11.5
Iqaluit,2015-12-08,14.222222222222221
Iqaluit,2015-12-09,24.583333333333332
Iqaluit,2015-12-10,16.083333333333332
Iqaluit,2015-12-11,9.0
Iqaluit,2015-12-12,6.208333333333333
Iqaluit,2015-12-13,8.083333333333334
Iqaluit,2015-12-14,8.565217391304348
Iqaluit,2015-12-15,15.458333333333334
Iqaluit,2015-12-16,36.5
Iqaluit,2015-12-17,5.125
Iqaluit,2015-12-18,2.375
Iqaluit,2015-12-19,7.526315789473684
Iqaluit,2015-12-20,
Iqaluit,2015-12-21,7.8
Iqaluit,2015-12-22,8.625
Iqaluit,2015-12-23,16.916666666666668
Iqaluit,2015-12-24,8.0
Iqaluit,2015-12-25,9.583333333333334
Iqaluit,2015-12-26,10.916666666666666
Iqaluit,2015-12-27,9.666666666666666
Iqaluit,2015-12-28,10.826086956521738
Iqaluit,2015-12-29,8.136363636363637
Iqaluit,2015-12-30,8.0
Iqaluit,2015-12-31,9.058823529411764
Iqaluit,2016-01-01,9.583333333333334
Iqaluit,2016-01-02,5.285714285714286
Iqaluit,2016-01-03,12.692307692307692
Iqaluit,2016-01-04,14.166666666666666
Iqaluit,2016-01-05,
Iqaluit,2016-01-06,
Iqaluit,2016-01-07,3.526315789473684
Iqaluit,2016-01-08,3.125
Iqaluit,2016-01-09,20.307692307692307
Iqaluit,2016-01-10,12.5
Iqaluit,2016-01-11,11.791666666666666
Iqaluit,2016-01-12,4.913043478260869
Iqaluit,2016-01-13,10.666666666666666
Iqaluit,2016-01-14,6.181818181818182
Iqaluit,2016-01-15,3.8333333333333335
Iqaluit,2016-01-16,2.0
Iqaluit,2016-01-17,5.208333333333333
Iqaluit,2016-01-18,1.9583333333333333
Iqaluit,2016-01-19,2.3333333333333335
Iqaluit,2016-01-20,1.375
Iqaluit,2016-01-21,3.45
Iqaluit,2016-01-22,10.7
Iqaluit,2016-01-23,4.208333333333333
Iqaluit,2016-01-24,3.6666666666666665
Iqaluit,2016-01-25,3.0
Iqaluit,2016-01-26,14.8125
Iqaluit,2016-01-27,3.909090909090909
Iqaluit,2016-01-28,2.388888888888889
Iqaluit,2016-01-29,10.761904761904763
Iqaluit,2016-01-30,6.791666666666667
Iqaluit,2016-01-31,14.0
Iqaluit,2016-02-01,10.666666666666666
Iqaluit,2016-02-02,4.958333333333333
Iqaluit,2016-02-03,2.125
Iqaluit,2016-02-04,2.8333333333333335
Iqaluit,2016-02-05,2.875
Iqaluit,2016-02-06,3.1818181818181817
Iqaluit,2016-02-07,2.9285714285714284
Iqaluit,2016-02-08,6.166666666666667
Iqaluit,2016-02-09,15.0
Iqaluit,2016-02-10,6.5
Iqaluit,2016-02-11,5.25
Iqaluit,2016-02-12,2.3333333333333335
Iqaluit,2016-02-13,2.0833333333333335
Iqaluit,2016-02-14,1.25
Iqaluit,2016-02-15,2.8333333333333335
Iqaluit,2016-02-16,9.05
Iqaluit,2016-02-17,5.625
Iqaluit,2016-02-18,3.466666666666667
Iqaluit,2016-02-19,2.0416666666666665
Iqaluit,2016-02-20,4.541666666666667
Iqaluit,2016-02-21,4.333333333333333
Iqaluit,2016-02-22,3.7142857142857144
Iqaluit,2016-02-23,5.0
Iqaluit,2016-02-24,3.7083333333333335
Iqaluit,2016-02-25,7.5
Iqaluit,2016-02-26,8.928571428571429
Iqaluit,2016-02-27,3.0416666666666665
Iqaluit,2016-02-28,5.291666666666667
Iqaluit,2016-02-29,2.9583333333333335
Iqaluit,2016-03-01,4.166666666666667
Iqaluit,2016-03-02,2.375
Iqaluit,2016-03-03,1.9583333333333333
Iqaluit,2016-03-04,0.75
Iqaluit,2016-03-05,3.2916666666666665
Iqaluit,2016-03-06,2.6666666666666665
Iqaluit,2016-03-07,1.9166666666666667
Iqaluit,2016-03-08,2.5833333333333335
Iqaluit,2016-03-09,2.869565217391304
Iqaluit,2016-03-10,1.6363636363636365
Iqaluit,2016-03-11,2.6666666666666665
Iqaluit,2016-03-12,1.8823529411764706
Iqaluit,2016-03-13,4.25
Iqaluit,2016-03-14,2.9583333333333335
Iqaluit,2016-03-15,1.7083333333333333
Iqaluit,2016-03-16,2.0416666666666665
Iqaluit,2016-03-17,2.090909090909091
Iqaluit,2016-03-18,2.1875
Iqaluit,2016-03-19,
Iqaluit,2016-03-20,
Iqaluit,2016-03-21,
Iqaluit,2016-03-22,
Iqaluit,2016-03-23,
Iqaluit,2016-03-24,
Iqaluit,2016-03-25,
Iqaluit,2016-03-26,
Iqaluit,2016-03-27,
Iqaluit,2016-03-28,
Iqaluit,2016-03-29,
Iqaluit,2016-03-30,
Iqaluit,2016-03-31,
Iqaluit,2016-04-01,9.666666666666666
Iqaluit,2016-04-02,6.6521739130434785
Iqaluit,2016-04-03,4.541666666666667
Iqaluit,2016-04-04,3.869565217391304
Iqaluit,2016-04-05,4.0
Iqaluit,2016-04-06,3.8260869565217392
Iqaluit,2016-04-07,3.590909090909091
Iqaluit,2016-04-08,7.0
Iqaluit,2016-04-09,5.041666666666667
Iqaluit,2016-04-10,2.625
Iqaluit,2016-04-11,3.75
Iqaluit,2016-04-12,4.125
Iqaluit,2016-04-13,2.875
Iqaluit,2016-04-14,3.4583333333333335
Iqaluit,2016-04-15,4.208333333333333
Iqaluit,2016-04-16,3.5416666666666665
Iqaluit,2016-04-17,1.75
Iqaluit,2016-04-18,1.875
Iqaluit,2016-04-19,2.25
Iqaluit,2016-04-20,2.125
Iqaluit,2016-04-21,3.130434782608696
Iqaluit,2016-04-22,3.5416666666666665
Iqaluit,2016-04-23,4.875
Iqaluit,2016-04-24,2.9583333333333335
Iqaluit,2016-04-25,2.875
Iqaluit,2016-04-26,2.3333333333333335
Iqaluit,2016-04-27,2.0
Iqaluit,2016-04-28,1.8333333333333333
Iqaluit,2016-04-29,2.7916666666666665
Iqaluit,2016-04-30,5.0
Iqaluit,2016-05-01,4.125
Iqaluit,2016-05-02,2.5416666666666665
Iqaluit,2016-05-03,2.1904761904761907
Iqaluit,2016-05-04,2.625
Iqaluit,2016-05-05,2.2083333333333335
Iqaluit,2016-05-06,2.625
Iqaluit,2016-05-07,2.5
Iqaluit,2016-05-08,2.5833333333333335
Iqaluit,2016-05-09,3.7083333333333335
Iqaluit,2016-05-10,4.458333333333333
Iqaluit,2016-05-11,3.25
Iqaluit,2016-05-12,3.3333333333333335
Iqaluit,2016-05-13,3.625
Iqaluit,2016-05-14,4.956521739130435
Iqaluit,2016-05-15,3.9166666666666665
Iqaluit,2016-05-16,6.25
Iqaluit,2016-05-17,5.333333333333333
Iqaluit,2016-05-18,4.625
Iqaluit,2016-05-19,2.75
Iqaluit,2016-05-20,3.4583333333333335
Iqaluit,2016-05-21,3.25
Iqaluit,2016-05-22,2.625
Iqaluit,2016-05-23,2.5416666666666665
Iqaluit,2016-05-24,2.6153846153846154
Iqaluit,2016-05-25,11.846153846153847
Iqaluit,2016-05-26,10.833333333333334
Iqaluit,2016-05-27,11.583333333333334
Iqaluit,2016-05-28,4.913043478260869
Iqaluit,2016-05-29,4.125
Iqaluit,2016-05-30,6.3
Iqaluit,2016-05-31,4.733333333333333
Iqaluit,2016-06-01,3.5625
Iqaluit,2016-06-02,4.454545454545454
Iqaluit,2016-06-03,4.291666666666667
Iqaluit,2016-06-04,4.0
Iqaluit,2016-06-05,
Iqaluit,2016-06-06,7.571428571428571
Iqaluit,2016-06-07,5.916666666666667
Iqaluit,2016-06-08,4.083333333333333
Iqaluit,2016-06-09,4.458333333333333
Iqaluit,2016-06-10,6.375
Iqaluit,2016-06-11,5.5
Iqaluit,2016-06-12,4.0
Iqaluit,2016-06-13,4.782608695652174
Iqaluit,2016-06-14,3.1363636363636362
Iqaluit,2016-06-15,3.875
Iqaluit,2016-06-16,2.2916666666666665
Iqaluit,2016-06-17,1.391304347826087
Iqaluit,2016-06-18,1.0833333333333333
Iqaluit,2016-06-19,1.3333333333333333
Iqaluit,2016-06-20,1.3636363636363635
Iqaluit,2016-06-21,4.75
Iqaluit,2016-06-22,1.1666666666666667
Iqaluit,2016-06-23,1.2083333333333333
Iqaluit,2016-06-24,2.260869565217391
Iqaluit,2016-06-25,1.2083333333333333
Iqaluit,2016-06-26,1.4583333333333333
Iqaluit,2016-06-27,1.173913043478261
Iqaluit,2016-06-28,2.75
Iqaluit,2016-06-29,4.086956521739131
Iqaluit,2016-06-30,3.0
Iqaluit,2016-07-01,3.125
Iqaluit,2016-07-02,2.8333333333333335
Iqaluit,2016-07-03,2.875
Iqaluit,2016-07-04,3.0833333333333335
Iqaluit,2016-07-05,4.0
Iqaluit,2016-07-06,3.7916666666666665
Iqaluit,2016-07-07,3.125
Iqaluit,2016-07-08,3.0
Iqaluit,2016-07-09,3.625
Iqaluit,2016-07-10,2.6666666666666665
Iqaluit,2016-07-11,1.4583333333333333
Iqaluit,2016-07-12,2.2083333333333335
Iqaluit,2016-07-13,1.380952380952381
Iqaluit,2016-07-14,3.0833333333333335
Iqaluit,2016-07-15,1.9166666666666667
Iqaluit,2016-07-16,2.125
Iqaluit,2016-07-17,1.875
Iqaluit,2016-07-18,4.458333333333333
Iqaluit,2016-07-19,3.4583333333333335
Iqaluit,2016-07-20,4.625
Iqaluit,2016-07-21,2.625
Iqaluit,2016-07-22,1.4166666666666667
Iqaluit,2016-07-23,0.4782608695652174
Iqaluit,2016-07-24,1.1666666666666667
Iqaluit,2016-07-25,3.4583333333333335
Iqaluit,2016-07-26,3.0833333333333335
Iqaluit,2016-07-27,3.625
Iqaluit,2016-07-28,1.9583333333333333
Iqaluit,2016-07-29,2.5833333333333335
Iqaluit,2016-07-30,3.25
Iqaluit,2016-07-31,1.7083333333333333
Iqaluit,2016-08-01,2.625
Iqaluit,2016-08-02,3.5416666666666665
Iqaluit,2016-08-03,3.625
Iqaluit,2016-08-04,2.25
Iqaluit,2016-08-05,2.8
Iqaluit,2016-08-06,1.875
Iqaluit,2016-08-07,3.3333333333333335
Iqaluit,2016-08-08,3.2
Iqaluit,2016-08-09,
Iqaluit,2016-08-10,
Iqaluit,2016-08-11,
Iqaluit,2016-08-12,
Iqaluit,2016-08-13,
Iqaluit,2016-08-14,
Iqaluit,2016-08-15,
Iqaluit,2016-08-16,
Iqaluit,2016-08-17,
Iqaluit,2016-08-18,
Iqaluit,2016-08-19,
Iqaluit,2016-08-20,
Iqaluit,2016-08-21,
Iqaluit,2016-08-22,
Iqaluit,2016-08-23,
Iqaluit,2016-08-24,
Iqaluit,2016-08-25,
Iqaluit,2016-08-26,
Iqaluit,2016-08-27,
Iqaluit,2016-08-28,
Iqaluit,2016-08-29,
Iqaluit,2016-08-30,
Iqaluit,2016-08-31,
Iqaluit,2016-09-01,
Iqaluit,2016-09-02,
Iqaluit,2016-09-03,
Iqaluit,2016-09-04,
Iqaluit,2016-09-05,
Iqaluit,2016-09-06,
Iqaluit,2016-09-07,
Iqaluit,2016-09-08,
Iqaluit,2016-09-09,
Iqaluit,2016-09-10,
Iqaluit,2016-09-11,
Iqaluit,2016-09-12,
Iqaluit,2016-09-13,
Iqaluit,2016-09-14,
Iqaluit,2016-09-15,
Iqaluit,2016-09-16,
Iqaluit,2016-09-17,
Iqaluit,2016-09-18,
Iqaluit,2016-09-19,
Iqaluit,2016-09-20,
Iqaluit,2016-09-21,
Iqaluit,2016-09-22,
Iqaluit,2016-09-23,
Iqaluit,2016-09-24,
Iqaluit,2016-09-25,
Iqaluit,2016-09-26,
Iqaluit,2016-09-27,
Iqaluit,2016-09-28,
Iqaluit,2016-09-29,
Iqaluit,2016-09-30,
Iqaluit,2016-10-01,
Iqaluit,2016-10-02,
Iqaluit,2016-10-03,
Iqaluit,2016-10-04,
Iqaluit,2016-10-05,
Iqaluit,2016-10-06,
Iqaluit,2016-10-07,
Iqaluit,2016-10-08,
Iqaluit,2016-10-09,
Iqaluit,2016-10-10,
Iqaluit,2016-10-11,
Iqaluit,2016-10-12,
Iqaluit,2016-10-13,
Iqaluit,2016-10-14,
Iqaluit,2016-10-15,
Iqaluit,2016-10-16,
Iqaluit,2016-10-17,2.357142857142857
Iqaluit,2016-10-18,2.9166666666666665
Iqaluit,2016-10-19,2.625
Iqaluit,2016-10-20,1.7826086956521738
Iqaluit,2016-10-21,4.166666666666667
Iqaluit,2016-10-22,2.4583333333333335
Iqaluit,2016-10-23,1.5
Iqaluit,2016-10-24,1.125
Iqaluit,2016-10-25,1.75
Iqaluit,2016-10-26,1.375
Iqaluit,2016-10-27,1.1666666666666667
Iqaluit,2016-10-28,0.9130434782608695
Iqaluit,2016-10-29,3.260869565217391
Iqaluit,2016-10-30,3.0416666666666665
Iqaluit,2016-10-31,2.7083333333333335
Iqaluit,2016-11-01,2.625
Iqaluit,2016-11-02,2.5833333333333335
Iqaluit,2016-11-03,1.4583333333333333
Iqaluit,2016-11-04,1.0833333333333333
Iqaluit,2016-11-05,2.625
Iqaluit,2016-11-06,2.0416666666666665
Iqaluit,2016-11-07,2.5416666666666665
Iqaluit,2016-11-08,1.8333333333333333
Iqaluit,2016-11-09,2.625
Iqaluit,2016-11-10,1.9166666666666667
Iqaluit,2016-11-11,2.5
Iqaluit,2016-11-12,1.9583333333333333
Iqaluit,2016-11-13,1.9583333333333333
Iqaluit,2016-11-14,1.5
Iqaluit,2016-11-15,1.9583333333333333
Iqaluit,2016-11-16,2.2083333333333335
Iqaluit,2016-11-17,2.0
Iqaluit,2016-11-18,2.5
Iqaluit,2016-11-19,2.5416666666666665
Iqaluit,2016-11-20,1.5833333333333333
Iqaluit,2016-11-21,1.8333333333333333
Iqaluit,2016-11-22,1.625
Iqaluit,2016-11-23,3.5
Iqaluit,2016-11-24,3.0
Iqaluit,2016-11-25,3.75
Iqaluit,2016-11-26,1.5833333333333333
Iqaluit,2016-11-27,2.0
Iqaluit,2016-11-28,3.5
Iqaluit,2016-11-29,4.708333333333333
Iqaluit,2016-11-30,1.9166666666666667
Iqaluit,2016-12-01,1.7916666666666667
Iqaluit,2016-12-02,2.9166666666666665
Iqaluit,2016-12-03,3.5
Iqaluit,2016-12-04,5.125
Iqaluit,2016-12-05,2.4166666666666665
Iqaluit,2016-12-06,1.9583333333333333
Iqaluit,2016-12-07,1.7727272727272727
Iqaluit,2016-12-08,3.375
Iqaluit,2016-12-09,4.75
Iqaluit,2016-12-10,3.1666666666666665
Iqaluit,2016-12-11,2.125
Iqaluit,2016-12-12,2.9565217391304346
Iqaluit,2016-12-13,3.0
Iqaluit,2016-12-14,3.5
Iqaluit,2016-12-15,2.5454545454545454
Iqaluit,2016-12-16,2.1666666666666665
Iqaluit,2016-12-17,2.4347826086956523
Iqaluit,2016-12-18,3.125
Iqaluit,2016-12-19,3.1666666666666665
Iqaluit,2016-12-20,4.458333333333333
Iqaluit,2016-12-21,4.416666666666667
Iqaluit,2016-12-22,6.958333333333333
Iqaluit,2016-12-23,5.083333333333333
Iqaluit,2016-12-24,4.125
Iqaluit,2016-12-25,4.083333333333333
Iqaluit,2016-12-26,4.041666666666667
Iqaluit,2016-12-27,4.0
Iqaluit,2016-12-28,2.875
Iqaluit,2016-12-29,3.4166666666666665
Iqaluit,2016-12-30,2.0833333333333335
Iqaluit,2016-12-31,3.7083333333333335
Iqaluit,2017-01-01,3.4583333333333335
Iqaluit,2017-01-02,1.9583333333333333
Iqaluit,2017-01-03,3.0416666666666665
Iqaluit,2017-01-04,4.375
Iqaluit,2017-01-05,3.25
Iqaluit,2017-01-06,2.0
Iqaluit,2017-01-07,3.5833333333333335
Iqaluit,2017-01-08,2.0
Iqaluit,2017-01-09,5.25
Iqaluit,2017-01-10,9.166666666666666
Iqaluit,2017-01-11,7.5
Iqaluit,2017-01-12,15.958333333333334
Iqaluit,2017-01-13,28.916666666666668
Iqaluit,2017-01-14,9.416666666666666
Iqaluit,2017-01-15,3.3333333333333335
Iqaluit,2017-01-16,3.4583333333333335
Iqaluit,2017-01-17,5.708333333333333
Iqaluit,2017-01-18,4.875
Iqaluit,2017-01-19,4.833333333333333
Iqaluit,2017-01-20,5.416666666666667
Iqaluit,2017-01-21,4.25
Iqaluit,2017-01-22,5.5
Iqaluit,2017-01-23,5.25
Iqaluit,2017-01-24,4.875
Iqaluit,2017-01-25,7.208333333333333
Iqaluit,2017-01-26,4.083333333333333
Iqaluit,2017-01-27,4.041666666666667
Iqaluit,2017-01-28,2.5416666666666665
Iqaluit,2017-01-29,5.208333333333333
Iqaluit,2017-01-30,4.416666666666667
Iqaluit,2017-01-31,2.7083333333333335
Iqaluit,2017-02-01,5.277777777777778
Iqaluit,2017-02-02,12.454545454545455
Iqaluit,2017-02-03,11.666666666666666
Iqaluit,2017-02-04,3.6666666666666665
Iqaluit,2017-02-05,3.8333333333333335
Iqaluit,2017-02-06,3.409090909090909
Iqaluit,2017-02-07,3.0416666666666665
Iqaluit,2017-02-08,5.375
Iqaluit,2017-02-09,3.0833333333333335
Iqaluit,2017-02-10,3.5
Iqaluit,2017-02-11,3.25
Iqaluit,2017-02-12,7.708333333333333
Iqaluit,2017-02-13,11.125
Iqaluit,2017-02-14,7.5
Iqaluit,2017-02-15,6.041666666666667
Iqaluit,2017-02-16,6.958333333333333
Iqaluit,2017-02-17,8.416666666666666
Iqaluit,2017-02-18,3.625
Iqaluit,2017-02-19,1.375
Iqaluit,2017-02-20,2.8333333333333335
Iqaluit,2017-02-21,5.458333333333333
Iqaluit,2017-02-22,5.833333333333333
Iqaluit,2017-02-23,5.208333333333333
Iqaluit,2017-02-24,5.2727272727272725
Iqaluit,2017-02-25,12.083333333333334
Iqaluit,2017-02-26,6.791666666666667
Iqaluit,2017-02-27,4.541666666666667
Iqaluit,2017-02-28,3.875
Iqaluit,2017-03-01,4.125
Iqaluit,2017-03-02,4.791666666666667
Iqaluit,2017-03-03,5.0
Iqaluit,2017-03-04,4.458333333333333
Iqaluit,2017-03-05,5.375
Iqaluit,2017-03-06,5.5
Iqaluit,2017-03-07,7.666666666666667
Iqaluit,2017-03-08,3.375
Iqaluit,2017-03-09,3.1818181818181817
Iqaluit,2017-03-10,5.25
Iqaluit,2017-03-11,6.833333333333333
Iqaluit,2017-03-12,4.739130434782608
Iqaluit,2017-03-13,5.541666666666667
Iqaluit,2017-03-14,6.833333333333333
Iqaluit,2017-03-15,10.0
Iqaluit,2017-03-16,3.0
Iqaluit,2017-03-17,5.208333333333333
Iqaluit,2017-03-18,6.958333333333333
Iqaluit,2017-03-19,3.9583333333333335
Iqaluit,2017-03-20,3.1666666666666665
Iqaluit,2017-03-21,8.791666666666666
Iqaluit,2017-03-22,5.25
Iqaluit,2017-03-23,4.541666666666667
Iqaluit,2017-03-24,5.541666666666667
Iqaluit,2017-03-25,3.875
Iqaluit,2017-03-26,3.625
Iqaluit,2017-03-27,9.041666666666666
Iqaluit,2017-03-28,10.791666666666666
Iqaluit,2017-03-29,12.166666666666666
Iqaluit,2017-03-30,5.916666666666667
Iqaluit,2017-03-31,4.625
Iqaluit,2017-04-01,3.9583333333333335
Iqaluit,2017-04-02,4.0
Iqaluit,2017-04-03,4.208333333333333
Iqaluit,2017-04-04,8.25
Iqaluit,2017-04-05,9.0
Iqaluit,2017-04-06,4.130434782608695
Iqaluit,2017-04-07,2.9166666666666665
Iqaluit,2017-04-08,2.75
Iqaluit,2017-04-09,2.75
Iqaluit,2017-04-10,2.4166666666666665
Iqaluit,2017-04-11,3.625
Iqaluit,2017-04-12,4.083333333333333
Iqaluit,2017-04-13,4.791666666666667
Iqaluit,2017-04-14,3.8333333333333335
Iqaluit,2017-04-15,6.041666666666667
Iqaluit,2017-04-16,3.75
Iqaluit,2017-04-17,2.0833333333333335
Iqaluit,2017-04-18,1.6666666666666667
Iqaluit,2017-04-19,3.4583333333333335
Iqaluit,2017-04-20,3.0833333333333335
Iqaluit,2017-04-21,2.0
Iqaluit,2017-04-22,1.75
Iqaluit,2017-04-23,1.6666666666666667
Iqaluit,2017-04-24,1.75
Iqaluit,2017-04-25,1.7916666666666667
Iqaluit,2017-04-26,1.75
Iqaluit,2017-04-27,2.0
Iqaluit,2017-04-28,1.5416666666666667
Iqaluit,2017-04-29,2.625
Iqaluit,2017-04-30,2.3333333333333335
Iqaluit,2017-05-01,1.875
Iqaluit,2017-05-02,2.625
Iqaluit,2017-05-03,2.782608695652174
Iqaluit,2017-05-04,1.6666666666666667
Iqaluit,2017-05-05,1.5416666666666667
Iqaluit,2017-05-06,1.8333333333333333
Iqaluit,2017-05-07,1.7083333333333333
Iqaluit,2017-05-08,1.1666666666666667
Iqaluit,2017-05-09,0.7083333333333334
Iqaluit,2017-05-10,1.4090909090909092
Iqaluit,2017-05-11,2.5
Iqaluit,2017-05-12,0.8695652173913043
Iqaluit,2017-05-13,1.2916666666666667
Iqaluit,2017-05-14,0.5
Iqaluit,2017-05-15,0.9583333333333334
Iqaluit,2017-05-16,1.8333333333333333
Iqaluit,2017-05-17,2.625
Iqaluit,2017-05-18,1.7916666666666667
Iqaluit,2017-05-19,7.041666666666667
Iqaluit,2017-05-20,3.8333333333333335
Iqaluit,2017-05-21,1.4782608695652173
Iqaluit,2017-05-22,2.9583333333333335
Iqaluit,2017-05-23,2.25
Iqaluit,2017-05-24,1.375
Iqaluit,2017-05-25,5.625
Iqaluit,2017-05-26,4.166666666666667
Iqaluit,2017-05-27,3.0833333333333335
Iqaluit,2017-05-28,2.25
Iqaluit,2017-05-29,2.9166666666666665
Iqaluit,2017-05-30,1.2083333333333333
Iqaluit,2017-05-31,2.1666666666666665
Iqaluit,2017-06-01,2.6666666666666665
Iqaluit,2017-06-02,2.3333333333333335
Iqaluit,2017-06-03,4.791666666666667
Iqaluit,2017-06-04,2.3333333333333335
Iqaluit,2017-06-05,2.0416666666666665
Iqaluit,2017-06-06,0.7916666666666666
Iqaluit,2017-06-07,0.9130434782608695
Iqaluit,2017-06-08,0.782608695652174
Iqaluit,2017-06-09,0.6363636363636364
Iqaluit,2017-06-10,0.2916666666666667
Iqaluit,2017-06-11,0.7916666666666666
Iqaluit,2017-06-12,1.6666666666666667
Iqaluit,2017-06-13,0.30434782608695654
Iqaluit,2017-06-14,1.9565217391304348
Iqaluit,2017-06-15,2.875
Iqaluit,2017-06-16,1.7083333333333333
Iqaluit,2017-06-17,3.5
Iqaluit,2017-06-18,2.25
Iqaluit,2017-06-19,1.0416666666666667
Iqaluit,2017-06-20,4.208333333333333
Iqaluit,2017-06-21,0.8695652173913043
Iqaluit,2017-06-22,1.5
Iqaluit,2017-06-23,1.0
Iqaluit,2017-06-24,1.9583333333333333
Iqaluit,2017-06-25,0.75
Iqaluit,2017-06-26,0.9583333333333334
Iqaluit,2017-06-27,1.9090909090909092
Iqaluit,2017-06-28,1.5833333333333333
Iqaluit,2017-06-29,1.95
Iqaluit,2017-06-30,2.130434782608696
Iqaluit,2017-07-01,2.0
Iqaluit,2017-07-02,1.625
Iqaluit,2017-07-03,1.9545454545454546
Iqaluit,2017-07-04,0.8333333333333334
Iqaluit,2017-07-05,0.8333333333333334
Iqaluit,2017-07-06,0.7916666666666666
Iqaluit,2017-07-07,2.125
Iqaluit,2017-07-08,2.95
Iqaluit,2017-07-09,3.125
Iqaluit,2017-07-10,1.1666666666666667
Iqaluit,2017-07-11,1.8333333333333333
Iqaluit,2017-07-12,8.375
Iqaluit,2017-07-13,5.5
Iqaluit,2017-07-14,3.875
Iqaluit,2017-07-15,1.4583333333333333
Iqaluit,2017-07-16,1.4583333333333333
Iqaluit,2017-07-17,2.4583333333333335
Iqaluit,2017-07-18,2.75
Iqaluit,2017-07-19,1.25
Iqaluit,2017-07-20,1.875
Iqaluit,2017-07-21,1.7391304347826086
Iqaluit,2017-07-22,0.3333333333333333
Iqaluit,2017-07-23,0.2
Iqaluit,2017-07-24,0.16666666666666666
Iqaluit,2017-07-25,1.7826086956521738
Iqaluit,2017-07-26,6.75
Iqaluit,2017-07-27,5.416666666666667
Iqaluit,2017-07-28,3.3333333333333335
Iqaluit,2017-07-29,3.4583333333333335
Iqaluit,2017-07-30,3.625
Iqaluit,2017-07-31,4.291666666666667
Iqaluit,2017-08-01,4.75
Iqaluit,2017-08-02,3.5833333333333335
Iqaluit,2017-08-03,4.333333333333333
Iqaluit,2017-08-04,3.25
Iqaluit,2017-08-05,3.5
Iqaluit,2017-08-06,3.125
Iqaluit,2017-08-07,4.166666666666667
Iqaluit,2017-08-08,7.666666666666667
Iqaluit,2017-08-09,2.9166666666666665
Iqaluit,2017-08-10,4.291666666666667
Iqaluit,2017-08-11,2.7142857142857144
Iqaluit,2017-08-12,2.7916666666666665
Iqaluit,2017-08-13,2.9166666666666665
Iqaluit,2017-08-14,3.2916666666666665
Iqaluit,2017-08-15,6.3478260869565215
Iqaluit,2017-08-16,5.041666666666667
Iqaluit,2017-08-17,2.875
Iqaluit,2017-08-18,2.8333333333333335
Iqaluit,2017-08-19,4.0
Iqaluit,2017-08-20,4.291666666666667
Iqaluit,2017-08-21,2.9565217391304346
Iqaluit,2017-08-22,3.2916666666666665
Iqaluit,2017-08-23,5.0
Iqaluit,2017-08-24,5.208333333333333
Iqaluit,2017-08-25,4.0
Iqaluit,2017-08-26,4.458333333333333
Iqaluit,2017-08-27,8.791666666666666
Iqaluit,2017-08-28,8.541666666666666
Iqaluit,2017-08-29,6.125
Iqaluit,2017-08-30,4.375
Iqaluit,2017-08-31,3.9583333333333335
Iqaluit,2017-09-01,6.458333333333333
Iqaluit,2017-09-02,3.1666666666666665
Iqaluit,2017-09-03,2.9583333333333335
Iqaluit,2017-09-04,3.0416666666666665
Iqaluit,2017-09-05,5.208333333333333
Iqaluit,2017-09-06,5.416666666666667
Iqaluit,2017-09-07,11.25
Iqaluit,2017-09-08,4.833333333333333
Iqaluit,2017-09-09,3.7916666666666665
Iqaluit,2017-09-10,6.291666666666667
Iqaluit,2017-09-11,5.791666666666667
Iqaluit,2017-09-12,3.8333333333333335
Iqaluit,2017-09-13,4.125
Iqaluit,2017-09-14,2.1666666666666665
Iqaluit,2017-09-15,4.5
Iqaluit,2017-09-16,6.541666666666667
Iqaluit,2017-09-17,9.833333333333334
Iqaluit,2017-09-18,7.791666666666667
Iqaluit,2017-09-19,4.045454545454546
Iqaluit,2017-09-20,6.333333333333333
Iqaluit,2017-09-21,3.9583333333333335
Iqaluit,2017-09-22,10.75
Iqaluit,2017-09-23,13.208333333333334
Iqaluit,2017-09-24,3.4583333333333335
Iqaluit,2017-09-25,3.6666666666666665
Iqaluit,2017-09-26,2.875
Iqaluit,2017-09-27,3.7083333333333335
Iqaluit,2017-09-28,4.291666666666667
Iqaluit,2017-09-29,6.333333333333333
Iqaluit,2017-09-30,2.8260869565217392
Iqaluit,2017-10-01,3.9166666666666665
Iqaluit,2017-10-02,3.125
Iqaluit,2017-10-03,3.375
Iqaluit,2017-10-04,4.041666666666667
Iqaluit,2017-10-05,4.083333333333333
Iqaluit,2017-10-06,2.7083333333333335
Iqaluit,2017-10-07,3.0
Iqaluit,2017-10-08,3.5833333333333335
Iqaluit,2017-10-09,4.0
Iqaluit,2017-10-10,4.0
Iqaluit,2017-10-11,4.875
Iqaluit,2017-10-12,10.208333333333334
Iqaluit,2017-10-13,5.541666666666667
Iqaluit,2017-10-14,3.6666666666666665
Iqaluit,2017-10-15,3.3333333333333335
Iqaluit,2017-10-16,4.666666666666667
Iqaluit,2017-10-17,3.8260869565217392
Iqaluit,2017-10-18,3.2083333333333335
Iqaluit,2017-10-19,4.458333333333333
Iqaluit,2017-10-20,3.0416666666666665
Iqaluit,2017-10-21,3.9583333333333335
Iqaluit,2017-10-22,3.625
Iqaluit,2017-10-23,5.25
Iqaluit,2017-10-24,4.875
Iqaluit,2017-10-25,3.8333333333333335
Iqaluit,2017-10-26,4.125
Iqaluit,2017-10-27,3.5
Iqaluit,2017-10-28,4.041666666666667
Iqaluit,2017-10-29,3.3333333333333335
Iqaluit,2017-10-30,3.9166666666666665
Iqaluit,2017-10-31,3.0
Iqaluit,2017-11-01,5.208333333333333
Iqaluit,2017-11-02,5.583333333333333
Iqaluit,2017-11-03,5.6521739130434785
Iqaluit,2017-11-04,4.173913043478261
Iqaluit,2017-11-05,4.75
Iqaluit,2017-11-06,3.782608695652174
Iqaluit,2017-11-07,3.625
Iqaluit,2017-11-08,4.916666666666667
Iqaluit,2017-11-09,5.291666666666667
Iqaluit,2017-11-10,4.75
Iqaluit,2017-11-11,4.083333333333333
Iqaluit,2017-11-12,6.625
Iqaluit,2017-11-13,7.041666666666667
Iqaluit,2017-11-14,4.666666666666667
Iqaluit,2017-11-15,4.416666666666667
Iqaluit,2017-11-16,5.208333333333333
Iqaluit,2017-11-17,4.208333333333333
Iqaluit,2017-11-18,4.291666666666667
Iqaluit,2017-11-19,4.416666666666667
Iqaluit,2017-11-20,4.545454545454546
Iqaluit,2017-11-21,3.875
Iqaluit,2017-11-22,5.0
Iqaluit,2017-11-23,4.875
Iqaluit,2017-11-24,4.125
Iqaluit,2017-11-25,4.25
Iqaluit,2017-11-26,4.416666666666667
Iqaluit,2017-11-27,3.125
Iqaluit,2017-11-28,4.458333333333333
Iqaluit,2017-11-29,3.5
Iqaluit,2017-11-30,4.625
Iqaluit,2017-12-01,4.833333333333333
Iqaluit,2017-12-02,4.791666666666667
Iqaluit,2017-12-03,3.75
Iqaluit,2017-12-04,5.666666666666667
Iqaluit,2017-12-05,5.625
Iqaluit,2017-12-06,3.739130434782609
Iqaluit,2017-12-07,5.083333333333333
Iqaluit,2017-12-08,9.333333333333334
Iqaluit,2017-12-09,5.416666666666667
Iqaluit,2017-12-10,4.708333333333333
Iqaluit,2017-12-11,4.375
Iqaluit,2017-12-12,5.416666666666667
Iqaluit,2017-12-13,5.041666666666667
Iqaluit,2017-12-14,4.409090909090909
Iqaluit,2017-12-15,4.541666666666667
Iqaluit,2017-12-16,3.7083333333333335
Iqaluit,2017-12-17,3.875
Iqaluit,2017-12-18,6.25
Iqaluit,2017-12-19,6.791666666666667
Iqaluit,2017-12-20,8.25
Iqaluit,2017-12-21,10.25
Iqaluit,2017-12-22,6.958333333333333
Iqaluit,2017-12-23,6.208333333333333
Iqaluit,2017-12-24,6.791666666666667
Iqaluit,2017-12-25,7.375
Iqaluit,2017-12-26,3.9166666666666665
Iqaluit,2017-12-27,3.375
Iqaluit,2017-12-28,4.75
Iqaluit,2017-12-29,6.708333333333333
Iqaluit,2017-12-30,6.833333333333333
Iqaluit,2017-12-31,7.708333333333333
Iqaluit,2018-01-01,8.0
Iqaluit,2018-01-02,9.833333333333334
Iqaluit,2018-01-03,7.0
Iqaluit,2018-01-04,
Iqaluit,2018-01-05,
Iqaluit,2018-01-06,
Iqaluit,2018-01-07,
Iqaluit,2018-01-08,
Iqaluit,2018-01-09,
Iqaluit,2018-01-10,
Iqaluit,2018-01-11,
Iqaluit,2018-01-12,
Iqaluit,2018-01-13,
Iqaluit,2018-01-14,
Iqaluit,2018-01-15,
Iqaluit,2018-01-16,4.833333333333333
Iqaluit,2018-01-17,7.0588235294117645
Iqaluit,2018-01-18,9.153846153846153
Iqaluit,2018-01-19,5.25
Iqaluit,2018-01-20,3.7916666666666665
Iqaluit,2018-01-21,3.1666666666666665
Iqaluit,2018-01-22,4.208333333333333
Iqaluit,2018-01-23,4.166666666666667
Iqaluit,2018-01-24,4.458333333333333
Iqaluit,2018-01-25,4.041666666666667
Iqaluit,2018-01-26,4.875
Iqaluit,2018-01-27,12.291666666666666
Iqaluit,2018-01-28,9.166666666666666
Iqaluit,2018-01-29,11.25
Iqaluit,2018-01-30,6.041666666666667
Iqaluit,2018-01-31,6.125
Iqaluit,2018-02-01,16.0
Iqaluit,2018-02-02,6.083333333333333
Iqaluit,2018-02-03,7.625
Iqaluit,2018-02-04,7.0
Iqaluit,2018-02-05,7.833333333333333
Iqaluit,2018-02-06,6.875
Iqaluit,2018-02-07,9.25
Iqaluit,2018-02-08,15.083333333333334
Iqaluit,2018-02-09,12.75
Iqaluit,2018-02-10,12.666666666666666
Iqaluit,2018-02-11,8.958333333333334
Iqaluit,2018-02-12,9.416666666666666
Iqaluit,2018-02-13,6.958333333333333
Iqaluit,2018-02-14,8.791666666666666
Iqaluit,2018-02-15,7.291666666666667
Iqaluit,2018-02-16,8.217391304347826
Iqaluit,2018-02-17,5.75
Iqaluit,2018-02-18,5.375
Iqaluit,2018-02-19,9.041666666666666
Iqaluit,2018-02-20,5.916666666666667
Iqaluit,2018-02-21,6.666666666666667
Iqaluit,2018-02-22,7.375
Iqaluit,2018-02-23,6.75
Iqaluit,2018-02-24,8.625
Iqaluit,2018-02-25,6.583333333333333
Iqaluit,2018-02-26,6.5
Iqaluit,2018-02-27,8.25
Iqaluit,2018-02-28,6.083333333333333
Iqaluit,2018-03-01,7.541666666666667
Iqaluit,2018-03-02,4.391304347826087
Iqaluit,2018-03-03,5.041666666666667
Iqaluit,2018-03-04,3.875
Iqaluit,2018-03-05,6.083333333333333
Iqaluit,2018-03-06,11.0
Iqaluit,2018-03-07,8.875
Iqaluit,2018-03-08,7.260869565217392
Iqaluit,2018-03-09,5.681818181818182
Iqaluit,2018-03-10,5.375
Iqaluit,2018-03-11,6.0
Iqaluit,2018-03-12,6.5
Iqaluit,2018-03-13,8.833333333333334
Iqaluit,2018-03-14,5.541666666666667
Iqaluit,2018-03-15,5.916666666666667
Iqaluit,2018-03-16,7.875
Iqaluit,2018-03-17,8.625
Iqaluit,2018-03-18,8.583333333333334
Iqaluit,2018-03-19,7.708333333333333
Iqaluit,2018-03-20,5.583333333333333
Iqaluit,2018-03-21,5.5
Iqaluit,2018-03-22,4.75
Iqaluit,2018-03-23,6.666666666666667
Iqaluit,2018-03-24,7.208333333333333
Iqaluit,2018-03-25,6.25
Iqaluit,2018-03-26,7.083333333333333
Iqaluit,2018-03-27,6.083333333333333
Iqaluit,2018-03-28,5.916666666666667
Iqaluit,2018-03-29,6.833333333333333
Iqaluit,2018-03-30,6.25
Iqaluit,2018-03-31,5.291666666666667
Iqaluit,2018-04-01,5.75
Iqaluit,2018-04-02,4.541666666666667
Iqaluit,2018-04-03,6.416666666666667
Iqaluit,2018-04-04,4.833333333333333
Iqaluit,2018-04-05,5.291666666666667
Iqaluit,2018-04-06,5.708333333333333
Iqaluit,2018-04-07,5.791666666666667
Iqaluit,2018-04-08,5.875
Iqaluit,2018-04-09,7.458333333333333
Iqaluit,2018-04-10,9.5
Iqaluit,2018-04-11,11.291666666666666
Iqaluit,2018-04-12,11.0
Iqaluit,2018-04-13,8.416666666666666
Iqaluit,2018-04-14,8.833333333333334
Iqaluit,2018-04-15,8.75
Iqaluit,2018-04-16,8.0
Iqaluit,2018-04-17,7.958333333333333
Iqaluit,2018-04-18,7.416666666666667
Iqaluit,2018-04-19,9.727272727272727
Iqaluit,2018-04-20,9.083333333333334
Iqaluit,2018-04-21,4.958333333333333
Iqaluit,2018-04-22,4.958333333333333
Iqaluit,2018-04-23,8.75
Iqaluit,2018-04-24,11.25
Iqaluit,2018-04-25,8.291666666666666
Iqaluit,2018-04-26,7.458333333333333
Iqaluit,2018-04-27,9.833333333333334
Iqaluit,2018-04-28,7.25
Iqaluit,2018-04-29,6.166666666666667
Iqaluit,2018-04-30,5.625
Iqaluit,2018-05-01,9.791666666666666
Iqaluit,2018-05-02,14.333333333333334
Iqaluit,2018-05-03,6.208333333333333
Iqaluit,2018-05-04,6.041666666666667
Iqaluit,2018-05-05,6.125
Iqaluit,2018-05-06,8.875
Iqaluit,2018-05-07,5.916666666666667
Iqaluit,2018-05-08,6.333333333333333
Iqaluit,2018-05-09,3.75
Iqaluit,2018-05-10,5.416666666666667
Iqaluit,2018-05-11,4.125
Iqaluit,2018-05-12,3.5416666666666665
Iqaluit,2018-05-13,4.166666666666667
Iqaluit,2018-05-14,6.708333333333333
Iqaluit,2018-05-15,3.6666666666666665
Iqaluit,2018-05-16,4.458333333333333
Iqaluit,2018-05-17,5.25
Iqaluit,2018-05-18,4.708333333333333
Iqaluit,2018-05-19,5.25
Iqaluit,2018-05-20,4.958333333333333
Iqaluit,2018-05-21,5.125
Iqaluit,2018-05-22,4.208333333333333
Iqaluit,2018-05-23,4.416666666666667
Iqaluit,2018-05-24,4.125
Iqaluit,2018-05-25,2.9166666666666665
Iqaluit,2018-05-26,4.458333333333333
Iqaluit,2018-05-27,4.166666666666667
Iqaluit,2018-05-28,4.583333333333333
Iqaluit,2018-05-29,4.375
Iqaluit,2018-05-30,3.7083333333333335
Iqaluit,2018-05-31,4.916666666666667
Iqaluit,2018-06-01,3.875
Iqaluit,2018-06-02,5.083333333333333
Iqaluit,2018-06-03,4.333333333333333
Iqaluit,2018-06-04,3.8333333333333335
Iqaluit,2018-06-05,4.166666666666667
Iqaluit,2018-06-06,5.166666666666667
Iqaluit,2018-06-07,4.958333333333333
Iqaluit,2018-06-08,4.75
Iqaluit,2018-06-09,3.3333333333333335
Iqaluit,2018-06-10,3.125
Iqaluit,2018-06-11,4.625
Iqaluit,2018-06-12,3.9166666666666665
Iqaluit,2018-06-13,3.125
Iqaluit,2018-06-14,2.4782608695652173
Iqaluit,2018-06-15,4.333333333333333
Iqaluit,2018-06-16,5.375
Iqaluit,2018-06-17,5.583333333333333
Iqaluit,2018-06-18,6.260869565217392
Iqaluit,2018-06-19,5.125
Iqaluit,2018-06-20,4.625
Iqaluit,2018-06-21,3.9166666666666665
Iqaluit,2018-06-22,4.625
Iqaluit,2018-06-23,3.4166666666666665
Iqaluit,2018-06-24,3.25
Iqaluit,2018-06-25,3.4583333333333335
Iqaluit,2018-06-26,3.625
Iqaluit,2018-06-27,2.652173913043478
Iqaluit,2018-06-28,5.083333333333333
Iqaluit,2018-06-29,4.541666666666667
Iqaluit,2018-06-30,3.9166666666666665
Iqaluit,2018-07-01,4.041666666666667
Iqaluit,2018-07-02,4.458333333333333
Iqaluit,2018-07-03,4.708333333333333
Iqaluit,2018-07-04,4.166666666666667
Iqaluit,2018-07-05,3.5833333333333335
Iqaluit,2018-07-06,3.625
Iqaluit,2018-07-07,5.541666666666667
Iqaluit,2018-07-08,3.5
Iqaluit,2018-07-09,6.416666666666667
Iqaluit,2018-07-10,5.375
Iqaluit,2018-07-11,5.541666666666667
Iqaluit,2018-07-12,5.130434782608695
Iqaluit,2018-07-13,9.041666666666666
Iqaluit,2018-07-14,10.5
Iqaluit,2018-07-15,6.041666666666667
Iqaluit,2018-07-16,4.041666666666667
Iqaluit,2018-07-17,2.782608695652174
Iqaluit,2018-07-18,3.3333333333333335
Iqaluit,2018-07-19,4.333333333333333
Iqaluit,2018-07-20,4.173913043478261
Iqaluit,2018-07-21,3.7083333333333335
Iqaluit,2018-07-22,3.5714285714285716
Iqaluit,2018-07-23,3.4583333333333335
Iqaluit,2018-07-24,4.458333333333333
Iqaluit,2018-07-25,4.25
Iqaluit,2018-07-26,3.5
Iqaluit,2018-07-27,3.625
Iqaluit,2018-07-28,3.5833333333333335
Iqaluit,2018-07-29,4.583333333333333
Iqaluit,2018-07-30,2.8333333333333335
Iqaluit,2018-07-31,3.4166666666666665
Iqaluit,2018-08-01,4.666666666666667
Iqaluit,2018-08-02,5.916666666666667
Iqaluit,2018-08-03,3.5416666666666665
Iqaluit,2018-08-04,4.583333333333333
Iqaluit,2018-08-05,5.916666666666667
Iqaluit,2018-08-06,4.791666666666667
Iqaluit,2018-08-07,3.130434782608696
Iqaluit,2018-08-08,5.041666666666667
Iqaluit,2018-08-09,6.608695652173913
Iqaluit,2018-08-10,6.041666666666667
Iqaluit,2018-08-11,4.708333333333333
Iqaluit,2018-08-12,4.125
Iqaluit,2018-08-13,3.869565217391304
Iqaluit,2018-08-14,3.5
Iqaluit,2018-08-15,4.208333333333333
Iqaluit,2018-08-16,3.875
Iqaluit,2018-08-17,4.333333333333333
Iqaluit,2018-08-18,3.5
Iqaluit,2018-08-19,4.958333333333333
Iqaluit,2018-08-20,3.8181818181818183
Iqaluit,2018-08-21,3.9166666666666665
Iqaluit,2018-08-22,4.625
Iqaluit,2018-08-23,4.363636363636363
Iqaluit,2018-08-24,2.9130434782608696
Iqaluit,2018-08-25,2.25
Iqaluit,2018-08-26,3.7083333333333335
Iqaluit,2018-08-27,4.375
Iqaluit,2018-08-28,4.833333333333333
Iqaluit,2018-08-29,4.25
Iqaluit,2018-08-30,4.375
Iqaluit,2018-08-31,4.958333333333333
Iqaluit,2018-09-01,4.791666666666667
Iqaluit,2018-09-02,3.9523809523809526
Iqaluit,2018-09-03,3.9583333333333335
Iqaluit,2018-09-04,4.458333333333333
Iqaluit,2018-09-05,4.625
Iqaluit,2018-09-06,5.541666666666667
Iqaluit,2018-09-07,5.0
Iqaluit,2018-09-08,4.75
Iqaluit,2018-09-09,3.6666666666666665
Iqaluit,2018-09-10,4.083333333333333
Iqaluit,2018-09-11,3.5
Iqaluit,2018-09-12,3.7083333333333335
Iqaluit,2018-09-13,4.416666666666667
Iqaluit,2018-09-14,4.608695652173913
Iqaluit,2018-09-15,3.3333333333333335
Iqaluit,2018-09-16,2.5789473684210527
Iqaluit,2018-09-17,3.7083333333333335
Iqaluit,2018-09-18,4.208333333333333
Iqaluit,2018-09-19,3.9583333333333335
Iqaluit,2018-09-20,3.625
Iqaluit,2018-09-21,3.875
Iqaluit,2018-09-22,3.5833333333333335
Iqaluit,2018-09-23,4.208333333333333
Iqaluit,2018-09-24,5.375
Iqaluit,2018-09-25,6.458333333333333
Iqaluit,2018-09-26,4.25
Iqaluit,2018-09-27,3.4166666666666665
Iqaluit,2018-09-28,3.5416666666666665
Iqaluit,2018-09-29,3.2916666666666665
Iqaluit,2018-09-30,4.833333333333333
Iqaluit,2018-10-01,4.5
Iqaluit,2018-10-02,4.25
Iqaluit,2018-10-03,3.875
Iqaluit,2018-10-04,13.869565217391305
Iqaluit,2018-10-05,29.0
Iqaluit,2018-10-06,5.956521739130435
Iqaluit,2018-10-07,4.375
Iqaluit,2018-10-08,4.916666666666667
Iqaluit,2018-10-09,6.083333333333333
Iqaluit,2018-10-10,3.9166666666666665
Iqaluit,2018-10-11,5.458333333333333
Iqaluit,2018-10-12,5.866666666666666
Iqaluit,2018-10-13,
Iqaluit,2018-10-14,
Iqaluit,2018-10-15,
Iqaluit,2018-10-16,
Iqaluit,2018-10-17,
Iqaluit,2018-10-18,
Iqaluit,2018-10-19,
Iqaluit,2018-10-20,
Iqaluit,2018-10-21,
Iqaluit,2018-10-22,
Iqaluit,2018-10-23,4.416666666666667
Iqaluit,2018-10-24,3.125
Iqaluit,2018-10-25,3.125
Iqaluit,2018-10-26,3.0
Iqaluit,2018-10-27,5.208333333333333
Iqaluit,2018-10-28,4.041666666666667
Iqaluit,2018-10-29,2.5416666666666665
Iqaluit,2018-10-30,4.875
Iqaluit,2018-10-31,2.9166666666666665
Iqaluit,2018-11-01,4.5
Iqaluit,2018-11-02,5.916666666666667
Iqaluit,2018-11-03,3.5833333333333335
Iqaluit,2018-11-04,3.739130434782609
Iqaluit,2018-11-05,3.2083333333333335
Iqaluit,2018-11-06,2.9583333333333335
Iqaluit,2018-11-07,3.5
Iqaluit,2018-11-08,3.375
Iqaluit,2018-11-09,4.541666666666667
Iqaluit,2018-11-10,4.875
Iqaluit,2018-11-11,3.5416666666666665
Iqaluit,2018-11-12,3.4583333333333335
Iqaluit,2018-11-13,5.041666666666667
Iqaluit,2018-11-14,5.166666666666667
Iqaluit,2018-11-15,4.25
Iqaluit,2018-11-16,2.75
Iqaluit,2018-11-17,7.791666666666667
Iqaluit,2018-11-18,3.625
Iqaluit,2018-11-19,2.0833333333333335
Iqaluit,2018-11-20,5.416666666666667
Iqaluit,2018-11-21,4.625
Iqaluit,2018-11-22,5.333333333333333
Iqaluit,2018-11-23,6.083333333333333
Iqaluit,2018-11-24,5.869565217391305
Iqaluit,2018-11-25,6.391304347826087
Iqaluit,2018-11-26,3.875
Iqaluit,2018-11-27,3.5
Iqaluit,2018-11-28,6.916666666666667
Iqaluit,2018-11-29,4.166666666666667
Iqaluit,2018-11-30,5.25
Iqaluit,2018-12-01,3.125
Iqaluit,2018-12-02,3.2916666666666665
Iqaluit,2018-12-03,3.1666666666666665
Iqaluit,2018-12-04,6.583333333333333
Iqaluit,2018-12-05,4.208333333333333
Iqaluit,2018-12-06,5.083333333333333
Iqaluit,2018-12-07,3.7916666666666665
Iqaluit,2018-12-08,6.958333333333333
Iqaluit,2018-12-09,3.5833333333333335
Iqaluit,2018-12-10,3.4583333333333335
Iqaluit,2018-12-11,3.4166666666666665
Iqaluit,2018-12-12,7.333333333333333
Iqaluit,2018-12-13,6.958333333333333
Iqaluit,2018-12-14,4.375
Iqaluit,2018-12-15,3.9166666666666665
Iqaluit,2018-12-16,4.291666666666667
Iqaluit,2018-12-17,3.9166666666666665
Iqaluit,2018-12-18,7.708333333333333
Iqaluit,2018-12-19,4.958333333333333
Iqaluit,2018-12-20,4.916666666666667
Iqaluit,2018-12-21,3.625
Iqaluit,2018-12-22,2.9166666666666665
Iqaluit,2018-12-23,3.75
Iqaluit,2018-12-24,4.333333333333333
Iqaluit,2018-12-25,3.1666666666666665
Iqaluit,2018-12-26,4.25
Iqaluit,2018-12-27,4.125
Iqaluit,2018-12-28,5.391304347826087
Iqaluit,2018-12-29,3.5416666666666665
Iqaluit,2018-12-30,5.25
Iqaluit,2018-12-31,5.166666666666667
Iqaluit,2019-01-01,4.875
Iqaluit,2019-01-02,8.958333333333334
Iqaluit,2019-01-03,12.208333333333334
Iqaluit,2019-01-04,7.5
Iqaluit,2019-01-05,9.0
Iqaluit,2019-01-06,5.875
Iqaluit,2019-01-07,6.541666666666667
Iqaluit,2019-01-08,7.333333333333333
Iqaluit,2019-01-09,
Iqaluit,2019-01-10,
Iqaluit,2019-01-11,
Iqaluit,2019-01-12,
Iqaluit,2019-01-13,
Iqaluit,2019-01-14,
Iqaluit,2019-01-15,
Iqaluit,2019-01-16,4.75
Iqaluit,2019-01-17,10.375
Iqaluit,2019-01-18,4.333333333333333
Iqaluit,2019-01-19,6.833333333333333
Iqaluit,2019-01-20,8.125
Iqaluit,2019-01-21,8.208333333333334
Iqaluit,2019-01-22,6.833333333333333
Iqaluit,2019-01-23,17.458333333333332
Iqaluit,2019-01-24,19.041666666666668
Iqaluit,2019-01-25,7.208333333333333
Iqaluit,2019-01-26,8.166666666666666
Iqaluit,2019-01-27,10.291666666666666
Iqaluit,2019-01-28,5.416666666666667
Iqaluit,2019-01-29,4.083333333333333
Iqaluit,2019-01-30,7.666666666666667
Iqaluit,2019-01-31,6.875
Iqaluit,2019-02-01,5.083333333333333
Iqaluit,2019-02-02,4.791666666666667
Iqaluit,2019-02-03,5.333333333333333
Iqaluit,2019-02-04,6.791666666666667
Iqaluit,2019-02-05,4.166666666666667
Iqaluit,2019-02-06,5.782608695652174
Iqaluit,2019-02-07,5.869565217391305
Iqaluit,2019-02-08,6.958333333333333
Iqaluit,2019-02-09,5.916666666666667
Iqaluit,2019-02-10,4.25
Iqaluit,2019-02-11,4.041666666666667
Iqaluit,2019-02-12,3.7916666666666665
Iqaluit,2019-02-13,4.166666666666667
Iqaluit,2019-02-14,5.791666666666667
Iqaluit,2019-02-15,5.75
Iqaluit,2019-02-16,9.541666666666666
Iqaluit,2019-02-17,4.916666666666667
Iqaluit,2019-02-18,6.833333333333333
Iqaluit,2019-02-19,4.541666666666667
Iqaluit,2019-02-20,5.208333333333333
Iqaluit,2019-02-21,5.541666666666667
Iqaluit,2019-02-22,5.25
Iqaluit,2019-02-23,5.166666666666667
Iqaluit,2019-02-24,5.208333333333333
Iqaluit,2019-02-25,6.875
Iqaluit,2019-02-26,7.166666666666667
Iqaluit,2019-02-27,4.291666666666667
Iqaluit,2019-02-28,3.7083333333333335
Iqaluit,2019-03-01,4.791666666666667
Iqaluit,2019-03-02,3.875
Iqaluit,2019-03-03,5.875
Iqaluit,2019-03-04,6.583333333333333
Iqaluit,2019-03-05,7.541666666666667
Iqaluit,2019-03-06,4.583333333333333
Iqaluit,2019-03-07,3.875
Iqaluit,2019-03-08,6.25
Iqaluit,2019-03-09,4.458333333333333
Iqaluit,2019-03-10,6.217391304347826
Iqaluit,2019-03-11,6.0
Iqaluit,2019-03-12,6.166666666666667
Iqaluit,2019-03-13,8.708333333333334
Iqaluit,2019-03-14,12.0
Iqaluit,2019-03-15,8.045454545454545
Iqaluit,2019-03-16,5.125
Iqaluit,2019-03-17,5.458333333333333
Iqaluit,2019-03-18,5.833333333333333
Iqaluit,2019-03-19,6.75
Iqaluit,2019-03-20,6.166666666666667
Iqaluit,2019-03-21,7.833333333333333
Iqaluit,2019-03-22,5.958333333333333
Iqaluit,2019-03-23,5.666666666666667
Iqaluit,2019-03-24,8.869565217391305
Iqaluit,2019-03-25,13.583333333333334
Iqaluit,2019-03-26,13.041666666666666
Iqaluit,2019-03-27,14.333333333333334
Iqaluit,2019-03-28,5.416666666666667
Iqaluit,2019-03-29,6.75
Iqaluit,2019-03-30,6.75
Iqaluit,2019-03-31,6.583333333333333
Iqaluit,2019-04-01,5.434782608695652
Iqaluit,2019-04-02,4.625
Iqaluit,2019-04-03,6.333333333333333
Iqaluit,2019-04-04,4.083333333333333
Iqaluit,2019-04-05,4.416666666666667
Iqaluit,2019-04-06,6.0
Iqaluit,2019-04-07,4.291666666666667
Iqaluit,2019-04-08,4.833333333333333
Iqaluit,2019-04-09,4.625
Iqaluit,2019-04-10,6.083333333333333
Iqaluit,2019-04-11,5.291666666666667
Iqaluit,2019-04-12,4.666666666666667
Iqaluit,2019-04-13,4.625
Iqaluit,2019-04-14,3.9583333333333335
Iqaluit,2019-04-15,5.541666666666667
Iqaluit,2019-04-16,7.083333333333333
Iqaluit,2019-04-17,4.625
Iqaluit,2019-04-18,4.833333333333333
Iqaluit,2019-04-19,4.166666666666667
Iqaluit,2019-04-20,4.5
Iqaluit,2019-04-21,4.166666666666667
Iqaluit,2019-04-22,4.958333333333333
Iqaluit,2019-04-23,4.583333333333333
Iqaluit,2019-04-24,4.791666666666667
Iqaluit,2019-04-25,4.541666666666667
Iqaluit,2019-04-26,5.416666666666667
Iqaluit,2019-04-27,5.166666666666667
Iqaluit,2019-04-28,5.0
Iqaluit,2019-04-29,4.5
Iqaluit,2019-04-30,5.416666666666667
Iqaluit,2019-05-01,5.375
Iqaluit,2019-05-02,4.666666666666667
Iqaluit,2019-05-03,3.2083333333333335
Iqaluit,2019-05-04,4.583333333333333
Iqaluit,2019-05-05,4.416666666666667
Iqaluit,2019-05-06,3.1666666666666665
Iqaluit,2019-05-07,2.375
Iqaluit,2019-05-08,4.625
Iqaluit,2019-05-09,5.916666666666667
Iqaluit,2019-05-10,4.208333333333333
Iqaluit,2019-05-11,3.8333333333333335
Iqaluit,2019-05-12,4.75
Iqaluit,2019-05-13,5.333333333333333
Iqaluit,2019-05-14,5.291666666666667
Iqaluit,2019-05-15,4.75
Iqaluit,2019-05-16,3.7083333333333335
Iqaluit,2019-05-17,4.75
Iqaluit,2019-05-18,3.875
Iqaluit,2019-05-19,3.8333333333333335
Iqaluit,2019-05-20,2.7083333333333335
Iqaluit,2019-05-21,3.4166666666666665
Iqaluit,2019-05-22,3.1666666666666665
Iqaluit,2019-05-23,3.4583333333333335
Iqaluit,2019-05-24,3.7083333333333335
Iqaluit,2019-05-25,3.625
Iqaluit,2019-05-26,3.8333333333333335
Iqaluit,2019-05-27,2.75
Iqaluit,2019-05-28,4.041666666666667
Iqaluit,2019-05-29,4.125
Iqaluit,2019-05-30,4.708333333333333
Iqaluit,2019-05-31,4.916666666666667
Iqaluit,2019-06-01,4.666666666666667
Iqaluit,2019-06-02,
Iqaluit,2019-06-03,
Iqaluit,2019-06-04,2.375
Iqaluit,2019-06-05,4.375
Iqaluit,2019-06-06,3.6666666666666665
Iqaluit,2019-06-07,3.5416666666666665
Iqaluit,2019-06-08,4.791666666666667
Iqaluit,2019-06-09,4.083333333333333
Iqaluit,2019-06-10,3.375
Iqaluit,2019-06-11,3.3333333333333335
Iqaluit,2019-06-12,2.2083333333333335
Iqaluit,2019-06-13,2.9583333333333335
Iqaluit,2019-06-14,2.4166666666666665
Iqaluit,2019-06-15,2.9166666666666665
Iqaluit,2019-06-16,3.75
Iqaluit,2019-06-17,3.625
Iqaluit,2019-06-18,5.041666666666667
Iqaluit,2019-06-19,4.375
Iqaluit,2019-06-20,3.375
Iqaluit,2019-06-21,3.4583333333333335
Iqaluit,2019-06-22,3.0
Iqaluit,2019-06-23,3.9583333333333335
Iqaluit,2019-06-24,3.7916666666666665
Iqaluit,2019-06-25,3.875
Iqaluit,2019-06-26,2.7916666666666665
Iqaluit,2019-06-27,2.6666666666666665
Iqaluit,2019-06-28,4.625
Iqaluit,2019-06-29,3.25
Iqaluit,2019-06-30,3.1666666666666665
Iqaluit,2019-07-01,3.1666666666666665
Iqaluit,2019-07-02,3.7083333333333335
Iqaluit,2019-07-03,4.125
Iqaluit,2019-07-04,3.5
Iqaluit,2019-07-05,4.541666666666667
Iqaluit,2019-07-06,4.0
Iqaluit,2019-07-07,2.5
Iqaluit,2019-07-08,4.125
Iqaluit,2019-07-09,2.8333333333333335
Iqaluit,2019-07-10,4.875
Iqaluit,2019-07-11,3.6666666666666665
Iqaluit,2019-07-12,4.375
Iqaluit,2019-07-13,4.166666666666667
Iqaluit,2019-07-14,3.3333333333333335
Iqaluit,2019-07-15,3.1666666666666665
Iqaluit,2019-07-16,3.4583333333333335
Iqaluit,2019-07-17,3.125
Iqaluit,2019-07-18,3.875
Iqaluit,2019-07-19,5.260869565217392
Iqaluit,2019-07-20,3.25
Iqaluit,2019-07-21,3.0416666666666665
Iqaluit,2019-07-22,2.5416666666666665
Iqaluit,2019-07-23,3.1666666666666665
Iqaluit,2019-07-24,3.4166666666666665
Iqaluit,2019-07-25,3.125
Iqaluit,2019-07-26,2.7916666666666665
Iqaluit,2019-07-27,3.2083333333333335
Iqaluit,2019-07-28,3.0
Iqaluit,2019-07-29,3.6666666666666665
Iqaluit,2019-07-30,3.8636363636363638
Iqaluit,2019-07-31,3.9583333333333335
Iqaluit,2019-08-01,2.9166666666666665
Iqaluit,2019-08-02,3.9583333333333335
Iqaluit,2019-08-03,7.041666666666667
Iqaluit,2019-08-04,4.666666666666667
Iqaluit,2019-08-05,4.458333333333333
Iqaluit,2019-08-06,5.041666666666667
Iqaluit,2019-08-07,3.0
Iqaluit,2019-08-08,3.5
Iqaluit,2019-08-09,3.4583333333333335
Iqaluit,2019-08-10,2.8333333333333335
Iqaluit,2019-08-11,3.4583333333333335
Iqaluit,2019-08-12,4.0
Iqaluit,2019-08-13,5.041666666666667
Iqaluit,2019-08-14,4.583333333333333
Iqaluit,2019-08-15,3.7083333333333335
Iqaluit,2019-08-16,3.5416666666666665
Iqaluit,2019-08-17,4.166666666666667
Iqaluit,2019-08-18,3.727272727272727
Iqaluit,2019-08-19,3.1666666666666665
Iqaluit,2019-08-20,3.75
Iqaluit,2019-08-21,
Iqaluit,2019-08-22,
Iqaluit,2019-08-23,
Iqaluit,2019-08-24,
Iqaluit,2019-08-25,
Iqaluit,2019-08-26,
Iqaluit,2019-08-27,
Iqaluit,2019-08-28,
Iqaluit,2019-08-29,
Iqaluit,2019-08-30,
Iqaluit,2019-08-31,
Iqaluit,2019-09-01,
Iqaluit,2019-09-02,
Iqaluit,2019-09-03,
Iqaluit,2019-09-04,
Iqaluit,2019-09-05,
Iqaluit,2019-09-06,
Iqaluit,2019-09-07,
Iqaluit,2019-09-08,
Iqaluit,2019-09-09,
Iqaluit,2019-09-10,
Iqaluit,2019-09-11,
Iqaluit,2019-09-12,
Iqaluit,2019-09-13,
Iqaluit,2019-09-14,
Iqaluit,2019-09-15,
Iqaluit,2019-09-16,
Iqaluit,2019-09-17,
Iqaluit,2019-09-18,
Iqaluit,2019-09-19,
Iqaluit,2019-09-20,
Iqaluit,2019-09-21,
Iqaluit,2019-09-22,
Iqaluit,2019-09-23,
Iqaluit,2019-09-24,
Iqaluit,2019-09-25,
Iqaluit,2019-09-26,
Iqaluit,2019-09-27,
Iqaluit,2019-09-28,
Iqaluit,2019-09-29,
Iqaluit,2019-09-30,
Iqaluit,2019-10-01,
Iqaluit,2019-10-02,
Iqaluit,2019-10-03,
Iqaluit,2019-10-04,
Iqaluit,2019-10-05,
Iqaluit,2019-10-06,
Iqaluit,2019-10-07,
Iqaluit,2019-10-08,
Iqaluit,2019-10-09,
Iqaluit,2019-10-10,
Iqaluit,2019-10-11,
Iqaluit,2019-10-12,
Iqaluit,2019-10-13,
Iqaluit,2019-10-14,
Iqaluit,2019-10-15,
Iqaluit,2019-10-16,
Iqaluit,2019-10-17,
Iqaluit,2019-10-18,
Iqaluit,2019-10-19,
Iqaluit,2019-10-20,
Iqaluit,2019-10-21,
Iqaluit,2019-10-22,
Iqaluit,2019-10-23,
Iqaluit,2019-10-24,
Iqaluit,2019-10-25,
Iqaluit,2019-10-26,
Iqaluit,2019-10-27,
Iqaluit,2019-10-28,
Iqaluit,2019-10-29,
Iqaluit,2019-10-30,
Iqaluit,2019-10-31,
Iqaluit,2019-11-01,
Iqaluit,2019-11-02,
Iqaluit,2019-11-03,
Iqaluit,2019-11-04,
Iqaluit,2019-11-05,
Iqaluit,2019-11-06,
Iqaluit,2019-11-07,
Iqaluit,2019-11-08,
Iqaluit,2019-11-09,
Iqaluit,2019-11-10,
Iqaluit,2019-11-11,
Iqaluit,2019-11-12,
Iqaluit,2019-11-13,
Iqaluit,2019-11-14,
Iqaluit,2019-11-15,
Iqaluit,2019-11-16,
Iqaluit,2019-11-17,
Iqaluit,2019-11-18,
Iqaluit,2019-11-19,
Iqaluit,2019-11-20,
Iqaluit,2019-11-21,
Iqaluit,2019-11-22,
Iqaluit,2019-11-23,
Iqaluit,2019-11-24,
Iqaluit,2019-11-25,
Iqaluit,2019-11-26,
Iqaluit,2019-11-27,
Iqaluit,2019-11-28,
Iqaluit,2019-11-29,
Iqaluit,2019-11-30,
Iqaluit,2019-12-01,
Iqaluit,2019-12-02,
Iqaluit,2019-12-03,
Iqaluit,2019-12-04,
Iqaluit,2019-12-05,
Iqaluit,2019-12-06,
Iqaluit,2019-12-07,
Iqaluit,2019-12-08,
Iqaluit,2019-12-09,
Iqaluit,2019-12-10,
Iqaluit,2019-12-11,
Iqaluit,2019-12-12,
Iqaluit,2019-12-13,
Iqaluit,2019-12-14,
Iqaluit,2019-12-15,
Iqaluit,2019-12-16,
Iqaluit,2019-12-17,
Iqaluit,2019-12-18,
Iqaluit,2019-12-19,
Iqaluit,2019-12-20,
Iqaluit,2019-12-21,
Iqaluit,2019-12-22,
Iqaluit,2019-12-23,
Iqaluit,2019-12-24,
Iqaluit,2019-12-25,
Iqaluit,2019-12-26,
Iqaluit,2019-12-27,
Iqaluit,2019-12-28,
Iqaluit,2019-12-29,
Iqaluit,2019-12-30,
Iqaluit,2019-12-31,
