Pollutant//Polluant,Method Code//Code Méthode,NAPS ID//Identifiant SNPA,City//Ville,Province/Territory//Province/Territoire,Latitude//Latitude,Longitude//Longitude,Date//Date,H01//H01,H02//H02,H03//H03,H04//H04,H05//H05,H06//H06,H07//H07,H08//H08,H09//H09,H10//H10,H11//H11,H12//H12,H13//H13,H14//H14,H15//H15,H16//H16,H17//H17,H18//H18,H19//H19,H20//H20,H21//H21,H22//H22,H23//H23,H24//H24
PM2.5,706,101101,Chilliwack,BC,49.155848,-121.940279,19950101,-999,-999,-999,-999,-999,-999,-999,-999,-999,-999,-999,-999,-999,-999,-999,-999,-999,-999,-999,-999,-999,-999,-999,-999
PM2.5,706,101101,Chilliwack,BC,49.155848,-121.940279,19950102,-999,-999,-999,-999,-999,-999,-999,-999,-999,-999,-999,-999,-999,-999,-999,-999,-999,-999,-999,-999,-999,-999,-999,-999
PM2.5,706,101101,Chilliwack,BC,49.155848,-121.940279,19950103,-999,-999,-999,-999,-999,-999,-999,-999,-999,-999,-999,-999,-999,-999,-999,-999,-999,-999,-999,-999,-999,-999,-999,-999
PM2.5,706,101101,Chilliwack,BC,49.155848,-121.940279,19950104,-999,-999,-999,-999,-999,-999,-999,-999,-999,-999,-999,-999,-999,-999,-999,-999,-999,-999,-999,-999,-999,-999,-999,-999
PM2.5,706,101101,Chilliwack,BC,49.155848,-121.940279,19950105,-999,-999,-999,-999,-999,-999,-999,-999,-999,-999,-999,-999,-999,-999,-999,-999,-999,-999,-999,-999,-999,-999,-999,-999
PM2.5,706,101101,Chilliwack,BC,49.155848,-121.940279,19950106,-999,-999,-999,-999,-999,-999,-999,-999,-999,-999,-999,-999,-999,-999,-999,-999,-999,-999,-999,-999,-999,-999,-999,-999
PM2.5,706,101101,Chilliwack,BC,49.155848,-121.940279,19950107,-999,-999,-999,-999,-999,-999,-999,-999,-999,-999,-999,-999,-999,-999,-999,-999,-999,-999,-999,-999,-999,-999,-999,-999
PM2.5,706,101101,Chilliwack,BC,49.155848,-121.940279,19950108,-999,-999,-999,-999,-999,-999,-999,-999,-999,-999,-999,-999,-999,-999,-999,-999,-999,-999,-999,-999,-999,-999,-999,-999
PM2.5,706,101101,Chilliwack,BC,49.155848,-121.940279,19950109,-999,-999,-999,-999,-999,-999,-999,-999,-999,-999,-999,-999,-999,-999,-999,-999,-999,-999,-999,-999,-999,-999,-999,-999
PM2.5,706,101101,Chilliwack,BC,49.155848,-121.940279,19950110,-999,-999,-999,-999,-999,-999,-999,-999,-999,-999,-999,-999,-999,-999,-999,-999,-999,-999,-999,-999,-999,-999,-999,-999
PM2.5,706,101101,Chilliwack,BC,49.155848,-121.940279,19950111,-999,-999,-999,-999,-999,-999,-999,-999,-999,-999,-999,-999,-999,-999,-999,-999,-999,-999,-999,-999,-999,-999,-999,-999
PM2.5,706,101101,Chilliwack,BC,49.155848,-121.940279,19950112,-999,-999,-999,-999,-999,-999,-999,-999,-999,-999,-999,-999,-999,-999,-999,-999,-999,-999,-999,-999,-999,-999,-999,-999
PM2.5,706,101101,Chilliwack,BC,49.155848,-121.940279,19950113,-999,-999,-999,-999,-999,-999,-999,-999,-999,-999,-999,-999,-999,-999,-999,-999,-999,-999,-999,-999,-999,-999,-999,-999
PM2.5,706,101101,Chilliwack,BC,49.155848,-121.940279,19950114,-999,-999,-999,-999,-999,-999,-999,-999,-999,-999,-999,-999,-999,-999,-999,-999,-999,-999,-999,-999,-999,-999,-999,-999
PM2.5,706,101101,Chilliwack,BC,49.155848,-121.940279,19950115,-999,-999,-999,-999,-999,-999,-999,-999,-999,-999,-999,-999,-999,-999,-999,-999,-999,-999,-999,-999,-999,-999,-999,-999
PM2.5,706,101101,Chilliwack,BC,49.155848,-121.940279,19950116,-999,-999,-999,-999,-999,-999,-999,-999,-999,-999,-999,-999,-999,-999,-999,-999,-999,-999,-999,-999,-999,-999,-999,-999
PM2.5,706,101101,Chilliwack,BC,49.155848,-121.940279,19950117,-999,-999,-999,-999,-999,-999,-999,-999,-999,-999,-999,-999,-999,-999,-999,-999,-999,-999,-999,-999,-999,-999,-999,-999
PM2.5,706,101101,Chilliwack,BC,49.155848,-121.940279,19950118,-999,-999,-999,-999,-999,-999,-999,-999,-999,-999,-999,-999,-999,-999,-999,-999,-999,-999,-999,-999,-999,-999,-999,-999
PM2.5,706,101101,Chilliwack,BC,49.155848,-121.940279,19950119,-999,-999,-999,-999,-999,-999,-999,-999,-999,-999,-999,-999,-999,-999,-999,-999,-999,-999,-999,-999,-999,-999,-999,-999
PM2.5,706,101101,Chilliwack,BC,49.155848,-121.940279,19950120,-999,-999,-999,-999,-999,-999,-999,-999,-999,-999,-999,-999,-999,-999,-999,-999,-999,-999,-999,-999,-999,-999,-999,-999
PM2.5,706,101101,Chilliwack,BC,49.155848,-121.940279,19950121,-999,-999,-999,-999,-999,-999,-999,-999,-999,-999,-999,-999,-999,-999,-999,-999,-999,-999,-999,-999,-999,-999,-999,-999
PM2.5,706,101101,Chilliwack,BC,49.155848,-121.940279,19950122,-999,-999,-999,-999,-999,-999,-999,-999,-999,-999,-999,-999,-999,-999,-999,-999,-999,-999,-999,-999,-999,-999,-999,-999
PM2.5,706,101101,Chilliwack,BC,49.155848,-121.940279,19950123,-999,-999,-999,-999,-999,-999,-999,-999,-999,-999,-999,-999,-999,-999,-999,-999,-999,-999,-999,-999,-999,-999,-999,-999
PM2.5,706,101101,Chilliwack,BC,49.155848,-121.940279,19950124,-999,-999,-999,-999,-999,-999,-999,-999,-999,-999,-999,-999,-999,-999,-999,-999,-999,-999,-999,-999,-999,-999,-999,-999
PM2.5,706,101101,Chilliwack,BC,49.155848,-121.940279,19950125,-999,-999,-999,-999,-999,-999,-999,-999,-999,-999,-999,-999,-999,-999,-999,-999,-999,-999,-999,-999,-999,-999,-999,-999
PM2.5,706,101101,Chilliwack,BC,49.155848,-121.940279,19950126,-999,-999,-999,-999,-999,-999,-999,-999,-999,-999,-999,-999,-999,-999,-999,-999,-999,-999,-999,-999,-999,-999,-999,-999
PM2.5,706,101101,Chilliwack,BC,49.155848,-121.940279,19950127,-999,-999,-999,-999,-999,-999,-999,-999,-999,-999,-999,-999,-999,-999,-999,-999,-999,-999,-999,-999,-999,-999,-999,-999
PM2.5,706,101101,Chilliwack,BC,49.155848,-121.940279,19950128,-999,-999,-999,-999,-999,-999,-999,-999,-999,-999,-999,-999,-999,-999,-999,-999,-999,-999,-999,-999,-999,-999,-999,-999
PM2.5,706,101101,Chilliwack,BC,49.155848,-121.940279,19950129,-999,-999,-999,-999,-999,-999,-999,-999,-999,-999,-999,-999,-999,-999,-999,-999,-999,-999,-999,-999,-999,-999,-999,-999
PM2.5,706,101101,Chilliwack,BC,49.155848,-121.940279,19950130,-999,-999,-999,-999,-999,-999,-999,-999,-999,-999,-999,-999,-999,-999,-999,-999,-999,-999,-999,-999,-999,-999,-999,-999
PM2.5,706,101101,Chilliwack,BC,49.155848,-121.940279,19950131,-999,-999,-999,-999,-999,-999,-999,-999,-999,-999,-999,-999,-999,-999,-999,-999,-999,-999,-999,-999,-999,-999,-999,-999
PM2.5,706,101101,Chilliwack,BC,49.155848,-121.940279,19950201,-999,-999,-999,-999,-999,-999,-999,-999,-999,-999,-999,-999,-999,-999,-999,-999,-999,-999,-999,-999,-999,-999,-999,-999
PM2.5,706,101101,Chilliwack,BC,49.155848,-121.940279,19950202,-999,-999,-999,-999,-999,-999,-999,-999,-999,-999,-999,-999,-999,-999,-999,-999,-999,-999,-999,-999,-999,-999,-999,-999
PM2.5,706,101101,Chilliwack,BC,49.155848,-121.940279,19950203,-999,-999,-999,-999,-999,-999,-999,-999,-999,-999,-999,-999,-999,-999,-999,-999,-999,-999,-999,-999,-999,-999,-999,-999
PM2.5,706,101101,Chilliwack,BC,49.155848,-121.940279,19950204,-999,-999,-999,-999,-999,-999,-999,-999,-999,-999,-999,-999,-999,-999,-999,-999,-999,-999,-999,-999,-999,-999,-999,-999
PM2.5,706,101101,Chilliwack,BC,49.155848,-121.940279,19950205,-999,-999,-999,-999,-999,-999,-999,-999,-999,-999,-999,-999,-999,-999,-999,-999,-999,-999,-999,-999,-999,-999,-999,-999
PM2.5,706,101101,Chilliwack,BC,49.155848,-121.940279,19950206,-999,-999,-999,-999,-999,-999,-999,-999,-999,-999,-999,-999,-999,-999,-999,-999,-999,-999,-999,-999,-999,-999,-999,-999
PM2.5,706,101101,Chilliwack,BC,49.155848,-121.940279,19950207,-999,-999,-999,-999,-999,-999,-999,-999,-999,-999,-999,-999,-999,-999,-999,-999,-999,-999,-999,-999,-999,-999,-999,-999
PM2.5,706,101101,Chilliwack,BC,49.155848,-121.940279,19950208,-999,-999,-999,-999,-999,-999,-999,-999,-999,-999,-999,-999,-999,-999,-999,-999,-999,-999,-999,-999,-999,-999,-999,-999
PM2.5,706,101101,Chilliwack,BC,49.155848,-121.940279,19950209,-999,-999,-999,-999,-999,-999,-999,-999,-999,-999,-999,-999,-999,-999,-999,-999,-999,-999,-999,-999,-999,-999,-999,-999
PM2.5,706,101101,Chilliwack,BC,49.155848,-121.940279,19950210,-999,-999,-999,-999,-999,-999,-999,-999,-999,-999,-999,-999,-999,-999,-999,-999,-999,-999,-999,-999,-999,-999,-999,-999
PM2.5,706,101101,Chilliwack,BC,49.155848,-121.940279,19950211,-999,-999,-999,-999,-999,-999,-999,-999,-999,-999,-999,-999,-999,-999,-999,-999,-999,-999,-999,-999,-999,-999,-999,-999
PM2.5,706,101101,Chilliwack,BC,49.155848,-121.940279,19950212,-999,-999,-999,-999,-999,-999,-999,-999,-999,-999,-999,-999,-999,-999,-999,-999,-999,-999,-999,-999,-999,-999,-999,-999
PM2.5,706,101101,Chilliwack,BC,49.155848,-121.940279,19950213,-999,-999,-999,-999,-999,-999,-999,-999,-999,-999,-999,-999,-999,-999,-999,-999,-999,-999,-999,-999,-999,-999,-999,-999
PM2.5,706,101101,Chilliwack,BC,49.155848,-121.940279,19950214,-999,-999,-999,-999,-999,-999,-999,-999,-999,-999,-999,-999,-999,-999,-999,-999,-999,-999,-999,-999,-999,-999,-999,-999
PM2.5,706,101101,Chilliwack,BC,49.155848,-121.940279,19950215,-999,-999,-999,-999,-999,-999,-999,-999,-999,-999,-999,-999,-999,-999,-999,-999,-999,-999,-999,-999,-999,-999,-999,-999
PM2.5,706,101101,Chilliwack,BC,49.155848,-121.940279,19950216,-999,-999,-999,-999,-999,-999,-999,-999,-999,-999,-999,-999,-999,-999,-999,-999,-999,-999,-999,-999,-999,-999,-999,-999
PM2.5,706,101101,Chilliwack,BC,49.155848,-121.940279,19950217,-999,-999,-999,-999,-999,-999,-999,-999,-999,-999,-999,-999,-999,-999,-999,-999,-999,-999,-999,-999,-999,-999,-999,-999
PM2.5,706,101101,Chilliwack,BC,49.155848,-121.940279,19950218,-999,-999,-999,-999,-999,-999,-999,-999,-999,-999,-999,-999,-999,-999,-999,-999,-999,-999,-999,-999,-999,-999,-999,-999
PM2.5,706,101101,Chilliwack,BC,49.155848,-121.940279,19950219,-999,-999,-999,-999,-999,-999,-999,-999,-999,-999,-999,-999,-999,-999,-999,-999,-999,-999,-999,-999,-999,-999,-999,-999
PM2.5,706,101101,Chilliwack,BC,49.155848,-121.940279,19950220,-999,-999,-999,-999,-999,-999,-999,-999,-999,-999,-999,-999,-999,-999,-999,-999,-999,-999,-999,-999,-999,-999,-999,-999
PM2.5,706,101101,Chilliwack,BC,49.155848,-121.940279,19950221,-999,-999,-999,-999,-999,-999,-999,-999,-999,-999,-999,-999,-999,-999,-999,-999,-999,-999,-999,-999,-999,-999,-999,-999
PM2.5,706,101101,Chilliwack,BC,49.155848,-121.940279,19950222,-999,-999,-999,-999,-999,-999,-999,-999,-999,-999,-999,-999,-999,-999,-999,-999,-999,-999,-999,-999,-999,-999,-999,-999
PM2.5,706,101101,Chilliwack,BC,49.155848,-121.940279,19950223,-999,-999,-999,-999,-999,-999,-999,-999,-999,-999,-999,-999,-999,-999,-999,-999,-999,-999,-999,-999,-999,-999,-999,-999
PM2.5,706,101101,Chilliwack,BC,49.155848,-121.940279,19950224,-999,-999,-999,-999,-999,-999,-999,-999,-999,-999,-999,-999,-999,-999,-999,-999,-999,-999,-999,-999,-999,-999,-999,-999
PM2.5,706,101101,Chilliwack,BC,49.155848,-121.940279,19950225,-999,-999,-999,-999,-999,-999,-999,-999,-999,-999,-999,-999,-999,-999,-999,-999,-999,-999,-999,-999,-999,-999,-999,-999
PM2.5,706,101101,Chilliwack,BC,49.155848,-121.940279,19950226,-999,-999,-999,-999,-999,-999,-999,-999,-999,-999,-999,-999,-999,-999,-999,-999,-999,-999,-999,-999,-999,-999,-999,-999
PM2.5,706,101101,Chilliwack,BC,49.155848,-121.940279,19950227,-999,-999,-999,-999,-999,-999,-999,-999,-999,-999,-999,-999,-999,-999,-999,-999,-999,-999,-999,-999,-999,-999,-999,-999
PM2.5,706,101101,Chilliwack,BC,49.155848,-121.940279,19950228,-999,-999,-999,-999,-999,-999,-999,-999,-999,-999,-999,-999,-999,-999,-999,-999,-999,-999,-999,-999,-999,-999,-999,-999
PM2.5,706,101101,Chilliwack,BC,49.155848,-121.940279,19950301,-999,-999,-999,-999,-999,-999,-999,-999,-999,-999,-999,-999,-999,-999,-999,-999,-999,-999,-999,-999,-999,-999,-999,-999
PM2.5,706,101101,Chilliwack,BC,49.155848,-121.940279,19950302,-999,-999,-999,-999,-999,-999,-999,-999,-999,-999,-999,-999,-999,-999,-999,-999,-999,-999,-999,-999,-999,-999,-999,-999
PM2.5,706,101101,Chilliwack,BC,49.155848,-121.940279,19950303,-999,-999,-999,-999,-999,-999,-999,-999,-999,-999,-999,-999,-999,-999,-999,-999,-999,-999,-999,-999,-999,-999,-999,-999
PM2.5,706,101101,Chilliwack,BC,49.155848,-121.940279,19950304,-999,-999,-999,-999,-999,-999,-999,-999,-999,-999,-999,-999,-999,-999,-999,-999,-999,-999,-999,-999,-999,-999,-999,-999
PM2.5,706,101101,Chilliwack,BC,49.155848,-121.940279,19950305,-999,-999,-999,-999,-999,-999,-999,-999,-999,-999,-999,-999,-999,-999,-999,-999,-999,-999,-999,-999,-999,-999,-999,-999
PM2.5,706,101101,Chilliwack,BC,49.155848,-121.940279,19950306,-999,-999,-999,-999,-999,-999,-999,-999,-999,-999,-999,-999,-999,-999,-999,-999,-999,-999,-999,-999,-999,-999,-999,-999
PM2.5,706,101101,Chilliwack,BC,49.155848,-121.940279,19950307,-999,-999,-999,-999,-999,-999,-999,-999,-999,-999,-999,-999,-999,-999,-999,-999,-999,-999,-999,-999,-999,-999,-999,-999
PM2.5,706,101101,Chilliwack,BC,49.155848,-121.940279,19950308,-999,-999,-999,-999,-999,-999,-999,-999,-999,-999,-999,-999,-999,-999,-999,-999,-999,-999,-999,-999,-999,-999,-999,-999
PM2.5,706,101101,Chilliwack,BC,49.155848,-121.940279,19950309,-999,-999,-999,-999,-999,-999,-999,-999,-999,-999,-999,-999,-999,-999,-999,-999,-999,-999,-999,-999,-999,-999,-999,-999
PM2.5,706,101101,Chilliwack,BC,49.155848,-121.940279,19950310,-999,-999,-999,-999,-999,-999,-999,-999,-999,-999,-999,-999,-999,-999,-999,-999,-999,-999,-999,-999,-999,-999,-999,-999
PM2.5,706,101101,Chilliwack,BC,49.155848,-121.940279,19950311,-999,-999,-999,-999,-999,-999,-999,-999,-999,-999,-999,-999,-999,-999,-999,-999,-999,-999,-999,-999,-999,-999,-999,-999
PM2.5,706,101101,Chilliwack,BC,49.155848,-121.940279,19950312,-999,-999,-999,-999,-999,-999,-999,-999,-999,-999,-999,-999,-999,-999,-999,-999,-999,-999,-999,-999,-999,-999,-999,-999
PM2.5,706,101101,Chilliwack,BC,49.155848,-121.940279,19950313,-999,-999,-999,-999,-999,-999,-999,-999,-999,-999,-999,-999,-999,-999,-999,-999,-999,-999,-999,-999,-999,-999,-999,-999
PM2.5,706,101101,Chilliwack,BC,49.155848,-121.940279,19950314,-999,-999,-999,-999,-999,-999,-999,-999,-999,-999,-999,-999,-999,-999,-999,-999,-999,-999,-999,-999,-999,-999,-999,-999
PM2.5,706,101101,Chilliwack,BC,49.155848,-121.940279,19950315,-999,-999,-999,-999,-999,-999,-999,-999,-999,-999,-999,-999,-999,-999,-999,-999,-999,-999,-999,-999,-999,-999,-999,-999
PM2.5,706,101101,Chilliwack,BC,49.155848,-121.940279,19950316,-999,-999,-999,-999,-999,-999,-999,-999,-999,-999,-999,-999,-999,-999,-999,-999,-999,-999,-999,-999,-999,-999,-999,-999
PM2.5,706,101101,Chilliwack,BC,49.155848,-121.940279,19950317,-999,-999,-999,-999,-999,-999,-999,-999,-999,-999,-999,-999,-999,-999,-999,-999,-999,-999,-999,-999,-999,-999,-999,-999
PM2.5,706,101101,Chilliwack,BC,49.155848,-121.940279,19950318,-999,-999,-999,-999,-999,-999,-999,-999,-999,-999,-999,-999,-999,-999,-999,-999,-999,-999,-999,-999,-999,-999,-999,-999
PM2.5,706,101101,Chilliwack,BC,49.155848,-121.940279,19950319,-999,-999,-999,-999,-999,-999,-999,-999,-999,-999,-999,-999,-999,-999,-999,-999,-999,-999,-999,-999,-999,-999,-999,-999
PM2.5,706,101101,Chilliwack,BC,49.155848,-121.940279,19950320,-999,-999,-999,-999,-999,-999,-999,-999,-999,-999,-999,-999,-999,-999,-999,-999,-999,-999,-999,-999,-999,-999,-999,-999
PM2.5,706,101101,Chilliwack,BC,49.155848,-121.940279,19950321,-999,-999,-999,-999,-999,-999,-999,-999,-999,-999,-999,-999,-999,-999,-999,-999,-999,-999,-999,-999,-999,-999,-999,-999
PM2.5,706,101101,Chilliwack,BC,49.155848,-121.940279,19950322,-999,-999,-999,-999,-999,-999,-999,-999,-999,-999,-999,-999,-999,-999,-999,-999,-999,-999,-999,-999,-999,-999,-999,-999
PM2.5,706,101101,Chilliwack,BC,49.155848,-121.940279,19950323,-999,-999,-999,-999,-999,-999,-999,-999,-999,-999,-999,-999,-999,-999,-999,-999,-999,-999,-999,-999,-999,-999,-999,-999
PM2.5,706,101101,Chilliwack,BC,49.155848,-121.940279,19950324,-999,-999,-999,-999,-999,-999,-999,-999,-999,-999,-999,-999,-999,-999,-999,-999,-999,-999,-999,-999,-999,-999,-999,-999
PM2.5,706,101101,Chilliwack,BC,49.155848,-121.940279,19950325,-999,-999,-999,-999,-999,-999,-999,-999,-999,-999,-999,-999,-999,-999,-999,-999,-999,-999,-999,-999,-999,-999,-999,-999
PM2.5,706,101101,Chilliwack,BC,49.155848,-121.940279,19950326,-999,-999,-999,-999,-999,-999,-999,-999,-999,-999,-999,-999,-999,-999,-999,-999,-999,-999,-999,-999,-999,-999,-999,-999
PM2.5,706,101101,Chilliwack,BC,49.155848,-121.940279,19950327,-999,-999,-999,-999,-999,-999,-999,-999,-999,-999,-999,-999,-999,-999,-999,-999,-999,-999,-999,-999,-999,-999,-999,-999
PM2.5,706,101101,Chilliwack,BC,49.155848,-121.940279,19950328,-999,-999,-999,-999,-999,-999,-999,-999,-999,-999,-999,-999,-999,-999,-999,-999,-999,-999,-999,-999,-999,-999,-999,-999
PM2.5,706,101101,Chilliwack,BC,49.155848,-121.940279,19950329,-999,-999,-999,-999,-999,-999,-999,-999,-999,-999,-999,-999,-999,-999,-999,-999,-999,-999,-999,-999,-999,-999,-999,-999
PM2.5,706,101101,Chilliwack,BC,49.155848,-121.940279,19950330,-999,-999,-999,-999,-999,-999,-999,-999,-999,-999,-999,-999,-999,-999,-999,-999,-999,-999,-999,-999,-999,-999,-999,-999
PM2.5,706,101101,Chilliwack,BC,49.155848,-121.940279,19950331,-999,-999,-999,-999,-999,-999,-999,-999,-999,-999,-999,-999,-999,-999,-999,-999,-999,-999,-999,-999,-999,-999,-999,-999
PM2.5,706,101101,Chilliwack,BC,49.155848,-121.940279,19950401,-999,-999,-999,-999,-999,-999,-999,-999,-999,-999,-999,-999,-999,-999,-999,-999,-999,-999,-999,-999,-999,-999,-999,-999
PM2.5,706,101101,Chilliwack,BC,49.155848,-121.940279,19950402,-999,-999,-999,-999,-999,-999,-999,-999,-999,-999,-999,-999,-999,-999,-999,-999,-999,-999,-999,-999,-999,-999,-999,-999
PM2.5,706,101101,Chilliwack,BC,49.155848,-121.940279,19950403,-999,-999,-999,-999,-999,-999,-999,-999,-999,-999,-999,-999,-999,-999,-999,-999,-999,-999,-999,-999,-999,-999,-999,-999
PM2.5,706,101101,Chilliwack,BC,49.155848,-121.940279,19950404,-999,-999,-999,-999,-999,-999,-999,-999,-999,-999,-999,-999,-999,-999,-999,-999,-999,-999,-999,-999,-999,-999,-999,-999
PM2.5,706,101101,Chilliwack,BC,49.155848,-121.940279,19950405,-999,-999,-999,-999,-999,-999,-999,-999,-999,-999,-999,-999,-999,-999,-999,-999,-999,-999,-999,-999,-999,-999,-999,-999
PM2.5,706,101101,Chilliwack,BC,49.155848,-121.940279,19950406,-999,-999,-999,-999,-999,-999,-999,-999,-999,-999,-999,-999,-999,-999,-999,-999,-999,-999,-999,-999,-999,-999,-999,-999
PM2.5,706,101101,Chilliwack,BC,49.155848,-121.940279,19950407,-999,-999,-999,-999,-999,-999,-999,-999,-999,-999,-999,-999,-999,-999,-999,-999,-999,-999,-999,-999,-999,-999,-999,-999
PM2.5,706,101101,Chilliwack,BC,49.155848,-121.940279,19950408,-999,-999,-999,-999,-999,-999,-999,-999,-999,-999,-999,-999,-999,-999,-999,-999,-999,-999,-999,-999,-999,-999,-999,-999
PM2.5,706,101101,Chilliwack,BC,49.155848,-121.940279,19950409,-999,-999,-999,-999,-999,-999,-999,-999,-999,-999,-999,-999,-999,-999,-999,-999,-999,-999,-999,-999,-999,-999,-999,-999
PM2.5,706,101101,Chilliwack,BC,49.155848,-121.940279,19950410,-999,-999,-999,-999,-999,-999,-999,-999,-999,-999,-999,-999,-999,-999,-999,-999,-999,-999,-999,-999,-999,-999,-999,-999
PM2.5,706,101101,Chilliwack,BC,49.155848,-121.940279,19950411,-999,-999,-999,-999,-999,-999,-999,-999,-999,-999,-999,-999,-999,-999,-999,-999,-999,-999,-999,-999,-999,-999,-999,-999
PM2.5,706,101101,Chilliwack,BC,49.155848,-121.940279,19950412,-999,-999,-999,-999,-999,-999,-999,-999,-999,-999,-999,-999,-999,-999,-999,-999,-999,-999,-999,-999,-999,-999,-999,-999
PM2.5,706,101101,Chilliwack,BC,49.155848,-121.940279,19950413,-999,-999,-999,-999,-999,-999,-999,-999,-999,-999,-999,-999,-999,-999,-999,-999,-999,-999,-999,-999,-999,-999,-999,-999
PM2.5,706,101101,Chilliwack,BC,49.155848,-121.940279,19950414,-999,-999,-999,-999,-999,-999,-999,-999,-999,-999,-999,-999,-999,-999,-999,-999,-999,-999,-999,-999,-999,-999,-999,-999
PM2.5,706,101101,Chilliwack,BC,49.155848,-121.940279,19950415,-999,-999,-999,-999,-999,-999,-999,-999,-999,-999,-999,-999,-999,-999,-999,-999,-999,-999,-999,-999,-999,-999,-999,-999
PM2.5,706,101101,Chilliwack,BC,49.155848,-121.940279,19950416,-999,-999,-999,-999,-999,-999,-999,-999,-999,-999,-999,-999,-999,-999,-999,-999,-999,-999,-999,-999,-999,-999,-999,-999
PM2.5,706,101101,Chilliwack,BC,49.155848,-121.940279,19950417,-999,-999,-999,-999,-999,-999,-999,-999,-999,-999,-999,-999,-999,-999,-999,-999,-999,-999,-999,-999,-999,-999,-999,-999
PM2.5,706,101101,Chilliwack,BC,49.155848,-121.940279,19950418,-999,-999,-999,-999,-999,-999,-999,-999,-999,-999,-999,-999,-999,-999,-999,-999,-999,-999,-999,-999,-999,-999,-999,-999
PM2.5,706,101101,Chilliwack,BC,49.155848,-121.940279,19950419,-999,-999,-999,-999,-999,-999,-999,-999,-999,-999,-999,-999,-999,-999,-999,-999,-999,-999,-999,-999,-999,-999,-999,-999
PM2.5,706,101101,Chilliwack,BC,49.155848,-121.940279,19950420,-999,-999,-999,-999,-999,-999,-999,-999,-999,-999,-999,-999,-999,-999,-999,-999,-999,-999,-999,-999,-999,-999,-999,-999
PM2.5,706,101101,Chilliwack,BC,49.155848,-121.940279,19950421,-999,-999,-999,-999,-999,-999,-999,-999,-999,-999,-999,-999,-999,-999,-999,-999,-999,-999,-999,-999,-999,-999,-999,-999
PM2.5,706,101101,Chilliwack,BC,49.155848,-121.940279,19950422,-999,-999,-999,-999,-999,-999,-999,-999,-999,-999,-999,-999,-999,-999,-999,-999,-999,-999,-999,-999,-999,-999,-999,-999
PM2.5,706,101101,Chilliwack,BC,49.155848,-121.940279,19950423,-999,-999,-999,-999,-999,-999,-999,-999,-999,-999,-999,-999,-999,-999,-999,-999,-999,-999,-999,-999,-999,-999,-999,-999
PM2.5,706,101101,Chilliwack,BC,49.155848,-121.940279,19950424,-999,-999,-999,-999,-999,-999,-999,-999,-999,-999,-999,-999,-999,-999,-999,-999,-999,-999,-999,-999,-999,-999,-999,-999
PM2.5,706,101101,Chilliwack,BC,49.155848,-121.940279,19950425,-999,-999,-999,-999,-999,-999,-999,-999,-999,-999,-999,-999,-999,-999,-999,-999,-999,-999,-999,-999,-999,-999,-999,-999
PM2.5,706,101101,Chilliwack,BC,49.155848,-121.940279,19950426,-999,-999,-999,-999,-999,-999,-999,-999,-999,-999,-999,-999,-999,-999,-999,-999,-999,-999,-999,-999,-999,-999,-999,-999
PM2.5,706,101101,Chilliwack,BC,49.155848,-121.940279,19950427,-999,-999,-999,-999,-999,-999,-999,-999,-999,-999,-999,-999,-999,-999,-999,-999,-999,-999,-999,-999,-999,-999,-999,-999
PM2.5,706,101101,Chilliwack,BC,49.155848,-121.940279,19950428,-999,-999,-999,-999,-999,-999,-999,-999,-999,-999,-999,-999,-999,-999,-999,-999,-999,-999,-999,-999,-999,-999,-999,-999
PM2.5,706,101101,Chilliwack,BC,49.155848,-121.940279,19950429,-999,-999,-999,-999,-999,-999,-999,-999,-999,-999,-999,-999,-999,-999,-999,-999,-999,-999,-999,-999,-999,-999,-999,-999
PM2.5,706,101101,Chilliwack,BC,49.155848,-121.940279,19950430,-999,-999,-999,-999,-999,-999,-999,-999,-999,-999,-999,-999,-999,-999,-999,-999,-999,-999,-999,-999,-999,-999,-999,-999
PM2.5,706,101101,Chilliwack,BC,49.155848,-121.940279,19950501,-999,-999,-999,-999,-999,-999,-999,-999,-999,-999,-999,-999,-999,-999,-999,-999,-999,-999,-999,-999,-999,-999,-999,-999
PM2.5,706,101101,Chilliwack,BC,49.155848,-121.940279,19950502,-999,-999,-999,-999,-999,-999,-999,-999,-999,-999,-999,-999,-999,-999,-999,-999,-999,-999,-999,-999,-999,-999,-999,-999
PM2.5,706,101101,Chilliwack,BC,49.155848,-121.940279,19950503,-999,-999,-999,-999,-999,-999,-999,-999,-999,-999,-999,-999,-999,-999,-999,-999,-999,-999,-999,-999,-999,-999,-999,-999
PM2.5,706,101101,Chilliwack,BC,49.155848,-121.940279,19950504,-999,-999,-999,-999,-999,-999,-999,-999,-999,-999,-999,-999,-999,-999,-999,-999,-999,-999,-999,-999,-999,-999,-999,-999
PM2.5,706,101101,Chilliwack,BC,49.155848,-121.940279,19950505,-999,-999,-999,-999,-999,-999,-999,-999,-999,-999,-999,-999,-999,-999,-999,-999,-999,-999,-999,-999,-999,-999,-999,-999
PM2.5,706,101101,Chilliwack,BC,49.155848,-121.940279,19950506,-999,-999,-999,-999,-999,-999,-999,-999,-999,-999,-999,-999,-999,-999,-999,-999,-999,-999,-999,-999,-999,-999,-999,-999
PM2.5,706,101101,Chilliwack,BC,49.155848,-121.940279,19950507,-999,-999,-999,-999,-999,-999,-999,-999,-999,-999,-999,-999,-999,-999,-999,-999,-999,-999,-999,-999,-999,-999,-999,-999
PM2.5,706,101101,Chilliwack,BC,49.155848,-121.940279,19950508,-999,-999,-999,-999,-999,-999,-999,-999,-999,-999,-999,-999,-999,-999,-999,-999,-999,-999,-999,-999,-999,-999,-999,-999
PM2.5,706,101101,Chilliwack,BC,49.155848,-121.940279,19950509,-999,-999,-999,-999,-999,-999,-999,-999,-999,-999,-999,-999,-999,-999,-999,-999,-999,-999,-999,-999,-999,-999,-999,-999
PM2.5,706,101101,Chilliwack,BC,49.155848,-121.940279,19950510,-999,-999,-999,-999,-999,-999,-999,-999,-999,-999,-999,-999,-999,-999,-999,-999,-999,-999,-999,-999,-999,-999,-999,-999
PM2.5,706,101101,Chilliwack,BC,49.155848,-121.940279,19950511,-999,-999,-999,-999,-999,-999,-999,-999,-999,-999,-999,-999,-999,-999,-999,-999,-999,-999,-999,-999,-999,-999,-999,-999
PM2.5,706,101101,Chilliwack,BC,49.155848,-121.940279,19950512,-999,-999,-999,-999,-999,-999,-999,-999,-999,-999,-999,-999,-999,-999,-999,-999,-999,-999,-999,-999,-999,-999,-999,-999
PM2.5,706,101101,Chilliwack,BC,49.155848,-121.940279,19950513,-999,-999,-999,-999,-999,-999,-999,-999,-999,-999,-999,-999,-999,-999,-999,-999,-999,-999,-999,-999,-999,-999,-999,-999
PM2.5,706,101101,Chilliwack,BC,49.155848,-121.940279,19950514,-999,-999,-999,-999,-999,-999,-999,-999,-999,-999,-999,-999,-999,-999,-999,-999,-999,-999,-999,-999,-999,-999,-999,-999
PM2.5,706,101101,Chilliwack,BC,49.155848,-121.940279,19950515,-999,-999,-999,-999,-999,-999,-999,-999,-999,-999,-999,-999,-999,-999,-999,-999,-999,-999,-999,-999,-999,-999,-999,-999
PM2.5,706,101101,Chilliwack,BC,49.155848,-121.940279,19950516,-999,-999,-999,-999,-999,-999,-999,-999,-999,-999,-999,-999,-999,-999,-999,-999,-999,-999,-999,-999,-999,-999,-999,-999
PM2.5,706,101101,Chilliwack,BC,49.155848,-121.940279,19950517,-999,-999,-999,-999,-999,-999,-999,-999,-999,-999,-999,-999,-999,-999,-999,-999,-999,-999,-999,-999,-999,-999,-999,-999
PM2.5,706,101101,Chilliwack,BC,49.155848,-121.940279,19950518,-999,-999,-999,-999,-999,-999,-999,-999,-999,-999,-999,-999,-999,-999,-999,-999,-999,-999,-999,-999,-999,-999,-999,-999
PM2.5,706,101101,Chilliwack,BC,49.155848,-121.940279,19950519,-999,-999,-999,-999,-999,-999,-999,-999,-999,-999,-999,-999,-999,-999,-999,-999,-999,-999,-999,-999,-999,-999,-999,-999
PM2.5,706,101101,Chilliwack,BC,49.155848,-121.940279,19950520,-999,-999,-999,-999,-999,-999,-999,-999,-999,-999,-999,-999,-999,-999,-999,-999,-999,-999,-999,-999,-999,-999,-999,-999
PM2.5,706,101101,Chilliwack,BC,49.155848,-121.940279,19950521,-999,-999,-999,-999,-999,-999,-999,-999,-999,-999,-999,-999,-999,-999,-999,-999,-999,-999,-999,-999,-999,-999,-999,-999
PM2.5,706,101101,Chilliwack,BC,49.155848,-121.940279,19950522,-999,-999,-999,-999,-999,-999,-999,-999,-999,-999,-999,-999,-999,-999,-999,-999,-999,-999,-999,-999,-999,-999,-999,-999
PM2.5,706,101101,Chilliwack,BC,49.155848,-121.940279,19950523,-999,-999,-999,-999,-999,-999,-999,-999,-999,-999,-999,-999,-999,-999,-999,-999,-999,-999,-999,-999,-999,-999,-999,-999
PM2.5,706,101101,Chilliwack,BC,49.155848,-121.940279,19950524,-999,-999,-999,-999,-999,-999,-999,-999,-999,-999,-999,-999,-999,-999,-999,-999,-999,-999,-999,-999,-999,-999,-999,-999
PM2.5,706,101101,Chilliwack,BC,49.155848,-121.940279,19950525,-999,-999,-999,-999,-999,-999,-999,-999,-999,-999,-999,-999,-999,-999,-999,-999,-999,-999,-999,-999,-999,-999,-999,-999
PM2.5,706,101101,Chilliwack,BC,49.155848,-121.940279,19950526,-999,-999,-999,-999,-999,-999,-999,-999,-999,-999,-999,-999,-999,-999,-999,-999,-999,-999,-999,-999,-999,-999,-999,-999
PM2.5,706,101101,Chilliwack,BC,49.155848,-121.940279,19950527,-999,-999,-999,-999,-999,-999,-999,-999,-999,-999,-999,-999,-999,-999,-999,-999,-999,-999,-999,-999,-999,-999,-999,-999
PM2.5,706,101101,Chilliwack,BC,49.155848,-121.940279,19950528,-999,-999,-999,-999,-999,-999,-999,-999,-999,-999,-999,-999,-999,-999,-999,-999,-999,-999,-999,-999,-999,-999,-999,-999
PM2.5,706,101101,Chilliwack,BC,49.155848,-121.940279,19950529,-999,-999,-999,-999,-999,-999,-999,-999,-999,-999,-999,-999,-999,-999,-999,-999,-999,-999,-999,-999,-999,-999,-999,-999
PM2.5,706,101101,Chilliwack,BC,49.155848,-121.940279,19950530,-999,-999,-999,-999,-999,-999,-999,-999,-999,-999,-999,-999,-999,-999,-999,-999,-999,-999,-999,-999,-999,-999,-999,-999
PM2.5,706,101101,Chilliwack,BC,49.155848,-121.940279,19950531,-999,-999,-999,-999,-999,-999,-999,-999,-999,-999,-999,-999,-999,-999,-999,-999,-999,-999,-999,-999,-999,-999,-999,-999
PM2.5,706,101101,Chilliwack,BC,49.155848,-121.940279,19950601,13,11,10,10,10,13,12,9,7,11,11,15,15,13,16,11,10,10,10,13,14,14,15,14
PM2.5,706,101101,Chilliwack,BC,49.155848,-121.940279,19950602,14,10,8,7,9,10,14,11,7,7,10,10,8,8,7,8,6,5,5,4,8,17,4,5
PM2.5,706,101101,Chilliwack,BC,49.155848,-121.940279,19950603,2,5,5,5,5,5,2,2,2,2,1,4,3,2,3,3,7,5,3,4,6,6,6,6
PM2.5,706,101101,Chilliwack,BC,49.155848,-121.940279,19950604,4,3,3,5,5,5,2,3,2,5,8,5,3,2,2,3,4,4,3,5,0,0,1,1
PM2.5,706,101101,Chilliwack,BC,49.155848,-121.940279,19950605,2,2,0,1,2,5,7,5,5,6,5,5,2,1,6,3,2,3,3,4,5,4,2,3
PM2.5,706,101101,Chilliwack,BC,49.155848,-121.940279,19950606,3,2,2,2,2,3,2,2,5,3,2,2,3,5,3,4,1,2,2,3,2,2,1,2
PM2.5,706,101101,Chilliwack,BC,49.155848,-121.940279,19950607,2,2,2,2,1,3,4,3,4,4,5,5,7,10,8,9,8,8,4,10,14,13,11,5
PM2.5,706,101101,Chilliwack,BC,49.155848,-121.940279,19950608,9,8,10,8,6,7,6,6,4,4,6,8,7,10,12,9,7,5,5,5,8,10,11,10
PM2.5,706,101101,Chilliwack,BC,49.155848,-121.940279,19950609,11,10,8,9,10,12,9,8,10,6,7,7,7,8,9,10,12,12,12,13,15,14,15,15
PM2.5,706,101101,Chilliwack,BC,49.155848,-121.940279,19950610,11,10,8,5,9,7,8,8,7,6,8,9,9,11,11,7,1,0,1,3,2,2,3,0
PM2.5,706,101101,Chilliwack,BC,49.155848,-121.940279,19950611,0,0,1,1,0,0,3,1,0,0,1,1,0,2,3,2,3,4,6,8,8,8,11,8
PM2.5,706,101101,Chilliwack,BC,49.155848,-121.940279,19950612,5,4,2,4,3,7,5,4,4,4,4,5,5,7,6,2,4,4,3,3,3,2,3,1
PM2.5,706,101101,Chilliwack,BC,49.155848,-121.940279,19950613,1,3,0,0,0,0,0,7,0,0,2,0,0,0,1,2,4,5,7,3,2,2,4,5
PM2.5,706,101101,Chilliwack,BC,49.155848,-121.940279,19950614,5,4,4,3,3,1,2,1,0,1,2,1,6,6,8,8,7,6,5,3,5,5,2,3
PM2.5,706,101101,Chilliwack,BC,49.155848,-121.940279,19950615,3,3,4,4,2,3,4,4,4,5,5,3,4,5,9,9,11,10,8,6,4,5,6,8
PM2.5,706,101101,Chilliwack,BC,49.155848,-121.940279,19950616,7,6,6,6,7,7,6,7,7,7,5,5,6,7,5,7,9,9,9,6,6,5,2,0
PM2.5,706,101101,Chilliwack,BC,49.155848,-121.940279,19950617,0,0,0,1,1,2,0,1,1,2,5,0,1,1,2,0,4,2,3,3,6,2,0,3
PM2.5,706,101101,Chilliwack,BC,49.155848,-121.940279,19950618,1,2,1,2,3,2,3,2,3,1,2,1,2,1,0,1,1,2,4,7,2,3,5,5
PM2.5,706,101101,Chilliwack,BC,49.155848,-121.940279,19950619,5,2,2,1,2,2,3,3,6,5,6,4,4,5,4,6,4,5,2,5,3,4,5,3
PM2.5,706,101101,Chilliwack,BC,49.155848,-121.940279,19950620,2,2,1,1,1,1,1,1,2,1,1,1,1,2,1,5,2,1,2,1,4,2,1,2
PM2.5,706,101101,Chilliwack,BC,49.155848,-121.940279,19950621,3,4,4,4,4,3,4,4,5,4,2,2,6,8,6,7,6,6,6,6,9,8,6,5
PM2.5,706,101101,Chilliwack,BC,49.155848,-121.940279,19950622,6,6,6,7,7,8,7,8,7,7,9,7,10,7,6,10,8,10,11,11,15,12,9,7
PM2.5,706,101101,Chilliwack,BC,49.155848,-121.940279,19950623,9,12,11,9,9,10,6,7,6,7,9,11,13,11,8,6,7,8,3,3,3,3,2,4
PM2.5,706,101101,Chilliwack,BC,49.155848,-121.940279,19950624,6,8,8,10,11,8,8,7,5,5,2,10,9,0,7,3,3,3,5,7,3,4,6,7
PM2.5,706,101101,Chilliwack,BC,49.155848,-121.940279,19950625,9,7,8,8,7,6,5,4,3,4,4,2,1,2,5,6,3,2,2,2,2,4,5,4
PM2.5,706,101101,Chilliwack,BC,49.155848,-121.940279,19950626,3,3,3,6,8,9,6,5,2,2,7,5,4,5,11,6,9,10,4,3,6,10,9,9
PM2.5,706,101101,Chilliwack,BC,49.155848,-121.940279,19950627,7,6,7,7,2,5,3,4,3,3,5,11,1,2,0,0,0,9,11,9,9,15,10,12
PM2.5,706,101101,Chilliwack,BC,49.155848,-121.940279,19950628,10,7,7,5,9,15,10,9,23,21,6,5,9,11,11,17,8,7,6,7,12,8,14,13
PM2.5,706,101101,Chilliwack,BC,49.155848,-121.940279,19950629,15,9,13,14,11,11,9,9,10,7,7,6,5,12,11,12,13,18,15,11,13,10,13,22
PM2.5,706,101101,Chilliwack,BC,49.155848,-121.940279,19950630,18,15,17,18,12,18,12,10,10,10,9,10,13,13,17,18,13,8,12,18,16,16,17,26
PM2.5,706,101101,Chilliwack,BC,49.155848,-121.940279,19950701,22,-999,-999,-999,-999,-999,-999,-999,-999,-999,-999,-999,-999,-999,-999,-999,-999,-999,-999,-999,-999,-999,-999,-999
PM2.5,706,101101,Chilliwack,BC,49.155848,-121.940279,19950702,-999,-999,-999,-999,-999,-999,-999,-999,-999,-999,-999,-999,-999,-999,-999,-999,-999,-999,-999,-999,-999,-999,-999,-999
PM2.5,706,101101,Chilliwack,BC,49.155848,-121.940279,19950703,-999,-999,-999,-999,-999,-999,-999,-999,-999,-999,-999,-999,-999,-999,-999,-999,-999,-999,-999,-999,-999,-999,-999,-999
PM2.5,706,101101,Chilliwack,BC,49.155848,-121.940279,19950704,-999,-999,-999,-999,-999,-999,-999,-999,-999,-999,-999,-999,-999,-999,-999,-999,-999,-999,-999,-999,-999,-999,0,0
PM2.5,706,101101,Chilliwack,BC,49.155848,-121.940279,19950705,1,6,7,5,4,5,6,0,4,3,3,3,6,5,7,9,7,9,10,13,15,14,11,6
PM2.5,706,101101,Chilliwack,BC,49.155848,-121.940279,19950706,4,4,5,6,5,7,5,2,1,0,2,3,2,5,7,7,9,6,9,9,8,7,6,5
PM2.5,706,101101,Chilliwack,BC,49.155848,-121.940279,19950707,5,5,5,5,6,6,4,5,5,7,6,6,7,9,9,7,6,5,5,4,4,6,8,7
PM2.5,706,101101,Chilliwack,BC,49.155848,-121.940279,19950708,7,9,8,8,10,8,8,6,6,6,6,7,5,5,4,8,9,5,6,9,12,7,9,8
PM2.5,706,101101,Chilliwack,BC,49.155848,-121.940279,19950709,6,6,4,6,9,9,9,9,9,5,5,8,7,3,3,3,3,5,11,9,8,4,1,0
PM2.5,706,101101,Chilliwack,BC,49.155848,-121.940279,19950710,1,0,0,0,0,2,0,2,2,0,1,1,2,2,1,1,1,3,5,4,4,4,2,3
PM2.5,706,101101,Chilliwack,BC,49.155848,-121.940279,19950711,4,5,4,4,6,6,6,5,7,4,5,4,5,6,4,6,3,3,1,1,2,6,5,4
PM2.5,706,101101,Chilliwack,BC,49.155848,-121.940279,19950712,4,4,5,4,4,7,5,4,3,3,3,5,5,5,6,3,3,1,3,5,6,7,4,2
PM2.5,706,101101,Chilliwack,BC,49.155848,-121.940279,19950713,4,4,5,5,5,9,8,3,4,5,6,6,5,6,8,5,9,8,8,8,10,10,10,9
PM2.5,706,101101,Chilliwack,BC,49.155848,-121.940279,19950714,9,13,12,8,9,7,7,7,6,5,5,7,4,10,8,5,3,2,3,3,5,7,8,11
PM2.5,706,101101,Chilliwack,BC,49.155848,-121.940279,19950715,11,9,7,8,5,7,6,5,4,5,6,9,8,8,8,4,3,3,2,3,6,6,4,6
PM2.5,706,101101,Chilliwack,BC,49.155848,-121.940279,19950716,8,8,6,5,6,6,4,4,3,5,7,6,7,6,9,8,7,4,5,6,8,9,10,12
PM2.5,706,101101,Chilliwack,BC,49.155848,-121.940279,19950717,10,8,7,4,4,4,3,0,1,1,1,1,0,0,14,14,9,4,3,5,10,9,10,10
PM2.5,706,101101,Chilliwack,BC,49.155848,-121.940279,19950718,14,10,12,11,10,15,18,7,5,4,10,8,13,12,13,11,9,7,7,9,13,15,14,14
PM2.5,706,101101,Chilliwack,BC,49.155848,-121.940279,19950719,16,14,12,14,13,16,16,5,6,10,12,8,12,9,14,16,8,11,12,11,17,17,14,14
PM2.5,706,101101,Chilliwack,BC,49.155848,-121.940279,19950720,17,17,18,18,12,16,13,11,4,10,10,12,13,14,14,13,14,12,13,8,11,10,9,8
PM2.5,706,101101,Chilliwack,BC,49.155848,-121.940279,19950721,16,20,17,11,2,4,3,4,4,6,5,5,6,6,6,4,3,3,3,4,4,4,4,4
PM2.5,706,101101,Chilliwack,BC,49.155848,-121.940279,19950722,4,6,5,4,5,5,5,6,3,2,1,1,2,1,4,3,5,4,4,3,5,5,6,5
PM2.5,706,101101,Chilliwack,BC,49.155848,-121.940279,19950723,5,6,5,5,2,1,1,1,1,1,1,4,4,3,3,3,3,2,4,5,5,5,6,6
PM2.5,706,101101,Chilliwack,BC,49.155848,-121.940279,19950724,5,6,6,5,3,2,2,1,1,2,2,2,4,3,4,4,6,4,4,2,4,5,5,6
PM2.5,706,101101,Chilliwack,BC,49.155848,-121.940279,19950725,5,3,7,11,8,6,4,7,7,4,6,4,8,1,0,0,3,0,1,0,2,1,2,2
PM2.5,706,101101,Chilliwack,BC,49.155848,-121.940279,19950726,0,1,0,0,0,0,0,0,1,3,0,1,0,0,3,1,3,1,2,2,3,1,4,2
PM2.5,706,101101,Chilliwack,BC,49.155848,-121.940279,19950727,1,2,1,2,4,5,5,5,6,5,3,1,0,1,4,5,6,7,8,11,14,8,6,8
PM2.5,706,101101,Chilliwack,BC,49.155848,-121.940279,19950728,5,7,4,4,4,7,4,6,6,2,1,4,6,8,5,8,8,7,9,4,0,0,0,7
PM2.5,706,101101,Chilliwack,BC,49.155848,-121.940279,19950729,1,3,2,3,1,2,2,2,0,2,5,2,2,0,2,0,1,2,3,5,5,3,8,5
PM2.5,706,101101,Chilliwack,BC,49.155848,-121.940279,19950730,5,4,2,4,4,2,3,5,3,0,0,2,1,4,5,5,7,6,3,7,5,4,5,6
PM2.5,706,101101,Chilliwack,BC,49.155848,-121.940279,19950731,7,5,5,5,4,7,6,2,3,0,1,3,5,6,2,4,3,2,3,4,5,6,6,6
PM2.5,706,101101,Chilliwack,BC,49.155848,-121.940279,19950801,6,5,5,4,3,3,6,4,3,3,4,5,6,3,6,4,6,5,4,5,5,5,6,6
PM2.5,706,101101,Chilliwack,BC,49.155848,-121.940279,19950802,5,4,4,4,3,6,8,6,-999,-999,8,8,8,6,6,6,6,9,11,13,17,15,14,10
PM2.5,706,101101,Chilliwack,BC,49.155848,-121.940279,19950803,9,4,0,3,5,3,3,3,4,4,5,6,7,6,6,7,6,5,3,4,5,5,5,5
PM2.5,706,101101,Chilliwack,BC,49.155848,-121.940279,19950804,6,6,7,7,7,10,9,6,5,4,4,4,1,0,1,1,2,1,6,5,5,6,6,1
PM2.5,706,101101,Chilliwack,BC,49.155848,-121.940279,19950805,1,2,3,1,1,1,2,1,3,3,2,4,5,5,0,1,2,3,3,1,1,2,1,1
PM2.5,706,101101,Chilliwack,BC,49.155848,-121.940279,19950806,2,2,2,2,1,2,2,1,1,0,0,0,0,0,0,0,0,0,0,0,0,0,0,1
PM2.5,706,101101,Chilliwack,BC,49.155848,-121.940279,19950807,0,1,1,0,1,1,1,0,1,0,1,1,1,1,3,2,3,3,3,4,5,5,5,5
PM2.5,706,101101,Chilliwack,BC,49.155848,-121.940279,19950808,4,5,4,6,4,4,5,6,6,5,5,4,4,1,3,3,4,5,6,6,7,6,5,5
PM2.5,706,101101,Chilliwack,BC,49.155848,-121.940279,19950809,5,4,4,3,3,4,4,2,2,1,0,0,0,0,1,1,2,6,7,16,11,6,-999,-999
PM2.5,706,101101,Chilliwack,BC,49.155848,-121.940279,19950810,-999,-999,-999,-999,-999,-999,-999,-999,-999,-999,-999,7,7,7,6,6,7,9,8,6,9,5,7,6
PM2.5,706,101101,Chilliwack,BC,49.155848,-121.940279,19950811,5,3,4,4,3,1,2,1,1,0,2,1,0,1,0,0,0,1,2,2,3,2,0,1
PM2.5,706,101101,Chilliwack,BC,49.155848,-121.940279,19950812,1,1,2,1,1,1,2,0,3,5,2,2,1,4,4,3,2,2,4,5,5,5,2,3
PM2.5,706,101101,Chilliwack,BC,49.155848,-121.940279,19950813,2,3,2,2,3,3,1,3,2,1,1,0,2,1,1,1,1,1,4,6,8,6,4,4
PM2.5,706,101101,Chilliwack,BC,49.155848,-121.940279,19950814,5,5,4,4,5,5,6,6,7,5,7,6,6,3,3,3,6,4,4,4,4,3,4,4
PM2.5,706,101101,Chilliwack,BC,49.155848,-121.940279,19950815,1,2,2,3,2,1,1,2,9,2,3,2,4,5,2,3,3,4,2,4,3,3,2,3
PM2.5,706,101101,Chilliwack,BC,49.155848,-121.940279,19950816,3,3,2,4,3,4,4,5,4,3,3,1,1,0,0,1,0,4,2,2,3,3,3,1
PM2.5,706,101101,Chilliwack,BC,49.155848,-121.940279,19950817,3,4,4,3,5,6,5,6,5,5,9,9,7,6,4,6,2,4,3,3,4,5,4,4
PM2.5,706,101101,Chilliwack,BC,49.155848,-121.940279,19950818,4,3,4,4,1,1,2,2,2,2,3,2,2,3,2,3,4,6,7,6,4,3,3,2
PM2.5,706,101101,Chilliwack,BC,49.155848,-121.940279,19950819,1,1,1,0,2,3,4,5,3,4,3,3,1,0,0,1,1,2,2,2,4,3,4,3
PM2.5,706,101101,Chilliwack,BC,49.155848,-121.940279,19950820,3,1,2,1,1,2,1,1,1,0,0,0,0,2,1,2,3,4,7,9,6,6,6,4
PM2.5,706,101101,Chilliwack,BC,49.155848,-121.940279,19950821,7,6,4,4,3,4,6,2,2,2,3,9,9,6,2,4,7,7,8,8,11,12,13,12
PM2.5,706,101101,Chilliwack,BC,49.155848,-121.940279,19950822,9,8,9,8,9,10,10,8,7,5,4,2,4,4,6,6,7,8,11,13,4,3,4,5
PM2.5,706,101101,Chilliwack,BC,49.155848,-121.940279,19950823,6,8,9,8,9,11,10,10,8,8,8,8,9,10,9,9,10,11,12,12,14,11,12,10
PM2.5,706,101101,Chilliwack,BC,49.155848,-121.940279,19950824,6,6,8,6,7,7,7,7,4,6,5,4,4,7,7,8,8,4,5,9,7,7,8,10
PM2.5,706,101101,Chilliwack,BC,49.155848,-121.940279,19950825,8,5,8,5,5,6,6,6,5,5,4,3,4,4,5,8,8,12,11,6,6,7,9,9
PM2.5,706,101101,Chilliwack,BC,49.155848,-121.940279,19950826,8,6,6,8,9,11,10,9,9,7,7,4,4,6,8,5,5,4,9,8,9,9,11,8
PM2.5,706,101101,Chilliwack,BC,49.155848,-121.940279,19950827,5,8,8,6,5,6,8,7,6,5,3,4,10,6,5,7,6,9,6,9,10,11,13,11
PM2.5,706,101101,Chilliwack,BC,49.155848,-121.940279,19950828,12,9,9,10,9,9,15,15,6,6,5,5,7,7,11,11,9,11,11,13,13,13,12,9
PM2.5,706,101101,Chilliwack,BC,49.155848,-121.940279,19950829,11,8,7,7,6,6,4,7,7,5,5,5,6,5,6,7,6,8,7,7,6,8,4,6
PM2.5,706,101101,Chilliwack,BC,49.155848,-121.940279,19950830,3,4,2,1,4,7,10,5,0,0,1,2,3,8,7,8,9,7,8,10,13,11,9,12
PM2.5,706,101101,Chilliwack,BC,49.155848,-121.940279,19950831,11,6,7,3,3,2,7,4,4,3,1,2,2,3,3,7,7,9,12,8,11,15,13,14
PM2.5,706,101101,Chilliwack,BC,49.155848,-121.940279,19950901,11,9,9,8,8,6,11,0,-999,2,1,0,1,2,5,7,12,13,9,8,9,12,12,15
PM2.5,706,101101,Chilliwack,BC,49.155848,-121.940279,19950902,15,11,11,11,7,10,12,3,3,0,0,1,1,5,5,7,9,8,12,20,8,16,14,14
PM2.5,706,101101,Chilliwack,BC,49.155848,-121.940279,19950903,12,11,8,9,8,3,2,2,2,0,0,0,1,6,7,12,11,6,3,10,17,17,17,15
PM2.5,706,101101,Chilliwack,BC,49.155848,-121.940279,19950904,10,10,15,14,12,10,12,10,11,13,11,8,8,4,2,1,1,3,2,4,5,5,4,5
PM2.5,706,101101,Chilliwack,BC,49.155848,-121.940279,19950905,4,2,3,0,2,4,6,7,7,5,3,4,0,0,4,2,0,7,9,6,7,6,8,6
PM2.5,706,101101,Chilliwack,BC,49.155848,-121.940279,19950906,3,2,3,6,1,0,7,3,1,1,2,1,2,3,2,5,10,10,8,7,7,8,9,9
PM2.5,706,101101,Chilliwack,BC,49.155848,-121.940279,19950907,6,11,6,3,3,5,9,12,11,10,6,6,10,11,6,2,5,1,5,7,10,13,10,9
PM2.5,706,101101,Chilliwack,BC,49.155848,-121.940279,19950908,11,8,9,7,7,11,16,10,6,5,20,21,24,20,18,17,12,8,7,8,7,10,12,13
PM2.5,706,101101,Chilliwack,BC,49.155848,-121.940279,19950909,12,15,11,9,9,11,9,11,10,10,10,14,11,17,18,16,17,17,17,18,18,18,15,17
PM2.5,706,101101,Chilliwack,BC,49.155848,-121.940279,19950910,16,15,13,11,11,10,13,12,11,9,7,11,14,13,11,10,11,12,15,13,14,17,16,11
PM2.5,706,101101,Chilliwack,BC,49.155848,-121.940279,19950911,9,10,10,10,8,5,10,11,7,5,4,3,2,3,3,4,4,3,3,4,4,5,7,9
PM2.5,706,101101,Chilliwack,BC,49.155848,-121.940279,19950912,7,8,7,5,7,6,13,11,4,4,4,4,5,11,11,13,14,13,13,14,16,21,18,17
PM2.5,706,101101,Chilliwack,BC,49.155848,-121.940279,19950913,15,14,14,14,19,21,17,17,28,44,50,42,34,30,31,30,20,17,11,12,16,19,20,20
PM2.5,706,101101,Chilliwack,BC,49.155848,-121.940279,19950914,17,16,18,26,31,24,22,34,35,37,37,18,25,28,19,18,13,13,13,16,19,13,16,15
PM2.5,706,101101,Chilliwack,BC,49.155848,-121.940279,19950915,17,20,17,13,18,14,17,14,9,15,31,33,25,25,20,19,20,23,12,9,15,18,19,25
PM2.5,706,101101,Chilliwack,BC,49.155848,-121.940279,19950916,22,20,20,16,16,17,22,17,10,12,14,12,8,6,15,24,18,16,17,17,18,18,17,21
PM2.5,706,101101,Chilliwack,BC,49.155848,-121.940279,19950917,19,17,16,20,16,13,16,16,16,16,16,11,9,9,8,8,7,7,6,6,7,7,6,5
PM2.5,706,101101,Chilliwack,BC,49.155848,-121.940279,19950918,5,8,7,7,8,8,9,9,2,2,1,3,4,7,5,10,14,12,9,9,12,10,10,9
PM2.5,706,101101,Chilliwack,BC,49.155848,-121.940279,19950919,11,11,13,13,13,10,7,3,7,4,5,5,9,16,18,18,13,11,11,17,12,16,11,11
PM2.5,706,101101,Chilliwack,BC,49.155848,-121.940279,19950920,3,0,1,1,2,2,2,4,4,5,2,1,0,-999,0,0,4,2,5,10,9,5,2,2
PM2.5,706,101101,Chilliwack,BC,49.155848,-121.940279,19950921,2,2,3,4,5,5,7,6,6,6,6,5,4,4,2,5,4,9,16,14,13,12,5,5
PM2.5,706,101101,Chilliwack,BC,49.155848,-121.940279,19950922,5,2,1,3,3,6,7,9,6,6,6,6,3,0,9,7,12,17,17,17,19,16,12,8
PM2.5,706,101101,Chilliwack,BC,49.155848,-121.940279,19950923,7,7,7,6,6,7,9,9,7,7,7,7,6,10,8,8,9,10,16,16,16,12,14,12
PM2.5,706,101101,Chilliwack,BC,49.155848,-121.940279,19950924,9,8,5,4,5,6,10,8,3,4,2,4,3,3,4,1,17,17,12,17,17,17,17,17
PM2.5,706,101101,Chilliwack,BC,49.155848,-121.940279,19950925,16,13,14,14,15,16,17,18,16,12,13,16,14,8,4,2,2,5,6,3,3,6,4,2
PM2.5,706,101101,Chilliwack,BC,49.155848,-121.940279,19950926,2,1,1,1,2,2,2,4,0,0,0,0,0,1,0,0,3,6,4,4,5,8,2,2
PM2.5,706,101101,Chilliwack,BC,49.155848,-121.940279,19950927,1,0,0,1,1,2,1,3,2,2,3,2,4,7,7,8,7,8,4,4,6,5,6,5
PM2.5,706,101101,Chilliwack,BC,49.155848,-121.940279,19950928,5,2,2,0,0,0,0,0,0,0,0,0,0,1,2,3,2,1,3,3,3,3,3,3
PM2.5,706,101101,Chilliwack,BC,49.155848,-121.940279,19950929,4,3,3,3,2,2,3,2,3,3,3,3,1,1,0,2,3,4,3,4,5,3,5,3
PM2.5,706,101101,Chilliwack,BC,49.155848,-121.940279,19950930,2,1,2,0,0,0,0,0,1,2,2,0,3,1,2,0,1,2,3,2,3,4,3,4
PM2.5,706,101101,Chilliwack,BC,49.155848,-121.940279,19951001,4,4,3,3,3,3,3,4,3,3,3,3,2,2,6,3,4,5,4,6,4,3,2,3
PM2.5,706,101101,Chilliwack,BC,49.155848,-121.940279,19951002,2,2,2,1,2,3,3,3,3,3,2,2,2,2,2,0,1,0,2,2,1,2,3,3
PM2.5,706,101101,Chilliwack,BC,49.155848,-121.940279,19951003,2,0,0,0,1,0,2,2,4,3,3,1,1,0,0,2,3,4,1,3,3,4,2,3
PM2.5,706,101101,Chilliwack,BC,49.155848,-121.940279,19951004,3,2,2,2,2,4,4,5,3,4,1,0,1,1,3,4,5,9,10,18,7,5,7,5
PM2.5,706,101101,Chilliwack,BC,49.155848,-121.940279,19951005,2,0,0,0,0,1,1,2,1,0,1,0,2,1,2,4,8,9,2,0,1,0,1,1
PM2.5,706,101101,Chilliwack,BC,49.155848,-121.940279,19951006,1,0,0,1,1,2,3,3,3,2,1,3,5,4,3,3,4,4,3,5,2,3,3,3
PM2.5,706,101101,Chilliwack,BC,49.155848,-121.940279,19951007,2,2,2,2,2,2,2,2,2,4,2,5,7,9,9,5,6,10,10,9,8,8,7,9
PM2.5,706,101101,Chilliwack,BC,49.155848,-121.940279,19951008,4,7,4,2,2,3,2,3,2,0,0,2,2,1,1,0,1,2,5,4,5,6,2,-999
PM2.5,706,101101,Chilliwack,BC,49.155848,-121.940279,19951009,-999,-999,-999,-999,17,4,3,3,3,2,3,2,3,2,1,2,2,3,3,2,1,0,1,0
PM2.5,706,101101,Chilliwack,BC,49.155848,-121.940279,19951010,0,0,0,0,0,0,0,0,0,1,1,1,1,1,1,2,2,3,6,0,0,1,0,1
PM2.5,706,101101,Chilliwack,BC,49.155848,-121.940279,19951011,1,0,1,0,0,1,0,1,2,0,1,1,2,0,0,3,2,4,3,3,2,1,2,3
PM2.5,706,101101,Chilliwack,BC,49.155848,-121.940279,19951012,3,3,2,2,3,4,3,3,4,4,4,4,2,4,4,3,3,5,7,12,12,12,3,3
PM2.5,706,101101,Chilliwack,BC,49.155848,-121.940279,19951013,5,4,3,3,4,4,3,6,4,3,2,1,0,0,0,0,0,0,0,1,1,0,0,0
PM2.5,706,101101,Chilliwack,BC,49.155848,-121.940279,19951014,1,0,1,0,0,0,1,2,2,1,0,3,1,0,2,2,2,2,2,4,3,2,3,2
PM2.5,706,101101,Chilliwack,BC,49.155848,-121.940279,19951015,3,2,0,0,0,0,0,2,2,0,0,0,1,2,4,3,8,9,7,9,8,11,5,5
PM2.5,706,101101,Chilliwack,BC,49.155848,-121.940279,19951016,4,4,3,2,1,2,2,1,2,5,4,4,4,4,2,3,4,5,5,3,4,2,4,3
PM2.5,706,101101,Chilliwack,BC,49.155848,-121.940279,19951017,3,5,5,5,2,2,2,1,2,0,1,0,3,2,2,2,2,3,4,5,4,5,5,4
PM2.5,706,101101,Chilliwack,BC,49.155848,-121.940279,19951018,4,4,4,5,4,4,5,6,6,7,6,4,4,6,7,7,12,13,15,7,9,8,3,3
PM2.5,706,101101,Chilliwack,BC,49.155848,-121.940279,19951019,2,3,2,3,2,2,2,4,4,3,4,5,4,5,4,3,4,6,9,7,7,10,10,6
PM2.5,706,101101,Chilliwack,BC,49.155848,-121.940279,19951020,9,7,4,4,7,4,6,6,9,5,3,2,3,4,3,3,1,3,4,4,4,1,3,2
PM2.5,706,101101,Chilliwack,BC,49.155848,-121.940279,19951021,1,1,1,1,1,0,0,1,1,1,2,2,3,3,2,2,3,10,10,16,17,7,6,6
PM2.5,706,101101,Chilliwack,BC,49.155848,-121.940279,19951022,4,5,4,3,2,1,2,3,6,0,1,4,2,1,3,3,4,5,8,9,10,6,8,4
PM2.5,706,101101,Chilliwack,BC,49.155848,-121.940279,19951023,3,2,3,1,1,0,2,2,4,4,2,2,2,3,2,2,2,3,5,3,4,5,5,5
PM2.5,706,101101,Chilliwack,BC,49.155848,-121.940279,19951024,5,5,5,5,4,4,6,7,7,4,3,6,5,8,5,6,7,8,10,10,13,13,10,13
PM2.5,706,101101,Chilliwack,BC,49.155848,-121.940279,19951025,8,7,5,6,4,0,2,4,26,5,5,0,2,0,0,-999,0,0,0,1,2,2,1,3
PM2.5,706,101101,Chilliwack,BC,49.155848,-121.940279,19951026,3,3,2,1,2,1,3,4,4,4,2,2,3,1,2,2,2,2,2,3,3,3,2,3
PM2.5,706,101101,Chilliwack,BC,49.155848,-121.940279,19951027,4,3,1,1,1,2,2,4,5,6,4,7,4,8,9,8,6,9,27,10,14,17,15,8
PM2.5,706,101101,Chilliwack,BC,49.155848,-121.940279,19951028,7,8,4,3,4,3,4,6,6,2,2,3,4,4,3,4,6,11,13,13,8,11,8,6
PM2.5,706,101101,Chilliwack,BC,49.155848,-121.940279,19951029,2,2,1,1,0,0,0,1,1,1,0,0,0,0,0,0,0,3,3,3,2,1,2,1
PM2.5,706,101101,Chilliwack,BC,49.155848,-121.940279,19951030,2,2,1,2,3,3,3,3,3,3,2,1,1,1,1,3,6,7,9,12,5,5,4,4
PM2.5,706,101101,Chilliwack,BC,49.155848,-121.940279,19951031,3,4,2,2,2,2,4,5,5,4,3,4,4,3,4,4,4,6,6,4,5,5,3,3
PM2.5,706,101101,Chilliwack,BC,49.155848,-121.940279,19951101,5,5,4,5,5,5,6,7,8,6,7,6,4,5,5,5,8,21,20,20,29,22,22,14
PM2.5,706,101101,Chilliwack,BC,49.155848,-121.940279,19951102,12,7,5,5,5,6,6,9,8,14,17,17,14,14,13,10,17,19,17,17,30,13,15,12
PM2.5,706,101101,Chilliwack,BC,49.155848,-121.940279,19951103,13,11,11,12,11,6,8,15,9,5,5,3,3,6,5,9,11,17,22,17,15,15,19,21
PM2.5,706,101101,Chilliwack,BC,49.155848,-121.940279,19951104,18,16,13,8,7,6,5,8,9,10,15,15,17,16,10,13,13,9,9,4,6,1,0,0
PM2.5,706,101101,Chilliwack,BC,49.155848,-121.940279,19951105,2,0,1,0,1,2,0,0,1,2,0,0,0,0,0,0,1,0,0,2,1,1,1,2
PM2.5,706,101101,Chilliwack,BC,49.155848,-121.940279,19951106,1,1,2,2,2,2,3,6,4,2,2,2,1,1,1,2,7,8,5,2,1,0,0,0
PM2.5,706,101101,Chilliwack,BC,49.155848,-121.940279,19951107,0,0,0,1,1,2,1,0,0,2,2,3,0,0,0,3,1,0,0,0,0,0,0,0
PM2.5,706,101101,Chilliwack,BC,49.155848,-121.940279,19951108,1,0,0,0,0,0,0,0,1,1,1,0,0,2,0,1,1,2,3,1,0,1,1,1
PM2.5,706,101101,Chilliwack,BC,49.155848,-121.940279,19951109,1,1,1,2,2,1,1,3,3,3,0,2,1,1,1,0,2,3,2,3,4,4,5,3
PM2.5,706,101101,Chilliwack,BC,49.155848,-121.940279,19951110,5,4,5,6,3,4,5,5,5,3,4,5,5,2,1,0,2,2,1,1,4,2,3,3
PM2.5,706,101101,Chilliwack,BC,49.155848,-121.940279,19951111,6,3,4,5,4,4,5,5,6,7,6,8,6,2,1,2,3,2,3,4,5,4,3,3
PM2.5,706,101101,Chilliwack,BC,49.155848,-121.940279,19951112,3,3,3,3,3,2,2,1,2,3,3,0,1,1,2,7,5,8,7,3,5,5,3,2
PM2.5,706,101101,Chilliwack,BC,49.155848,-121.940279,19951113,0,1,0,0,1,0,0,1,1,1,1,0,2,0,0,0,0,2,2,1,2,6,3,1
PM2.5,706,101101,Chilliwack,BC,49.155848,-121.940279,19951114,1,2,1,1,1,0,0,1,2,0,0,1,1,0,0,0,1,0,0,0,0,0,0,1
PM2.5,706,101101,Chilliwack,BC,49.155848,-121.940279,19951115,1,2,1,1,2,2,2,2,4,7,7,7,7,8,2,5,4,6,8,7,3,4,5,6
PM2.5,706,101101,Chilliwack,BC,49.155848,-121.940279,19951116,5,5,4,6,2,3,5,7,4,5,4,4,2,3,2,2,2,3,4,1,2,1,0,1
PM2.5,706,101101,Chilliwack,BC,49.155848,-121.940279,19951117,1,0,0,0,0,0,0,0,0,1,0,0,0,0,0,0,0,0,1,0,0,1,0,1
PM2.5,706,101101,Chilliwack,BC,49.155848,-121.940279,19951118,7,2,5,2,2,3,3,3,4,4,4,4,5,4,3,3,5,4,5,5,5,8,5,4
PM2.5,706,101101,Chilliwack,BC,49.155848,-121.940279,19951119,4,2,1,2,1,0,0,0,0,0,0,0,0,0,0,0,0,0,0,0,0,1,0,0
PM2.5,706,101101,Chilliwack,BC,49.155848,-121.940279,19951120,0,0,0,0,0,0,0,0,1,0,0,0,0,0,1,6,23,4,2,5,3,2,3,3
PM2.5,706,101101,Chilliwack,BC,49.155848,-121.940279,19951121,3,2,2,2,2,3,3,3,4,3,4,4,4,4,6,7,7,7,11,10,10,9,8,9
PM2.5,706,101101,Chilliwack,BC,49.155848,-121.940279,19951122,8,8,7,8,8,7,6,5,6,5,5,2,3,2,2,3,5,4,4,3,4,6,3,3
PM2.5,706,101101,Chilliwack,BC,49.155848,-121.940279,19951123,2,1,3,2,2,2,0,2,3,1,3,2,3,4,4,2,0,1,1,2,2,2,6,4
PM2.5,706,101101,Chilliwack,BC,49.155848,-121.940279,19951124,4,3,4,5,2,2,0,0,1,0,1,0,0,0,0,0,3,2,1,2,0,1,1,0
PM2.5,706,101101,Chilliwack,BC,49.155848,-121.940279,19951125,2,2,3,2,0,0,0,1,1,3,0,1,2,3,2,2,2,2,0,0,2,3,3,2
PM2.5,706,101101,Chilliwack,BC,49.155848,-121.940279,19951126,2,1,2,1,0,0,0,1,1,2,1,1,1,1,2,3,2,3,4,4,9,8,6,5
PM2.5,706,101101,Chilliwack,BC,49.155848,-121.940279,19951127,2,3,4,2,0,2,3,2,3,3,0,0,0,0,-999,0,0,2,2,2,3,3,4,5
PM2.5,706,101101,Chilliwack,BC,49.155848,-121.940279,19951128,4,3,1,0,0,0,0,0,0,0,0,1,3,1,1,0,0,0,0,0,1,1,1,0
PM2.5,706,101101,Chilliwack,BC,49.155848,-121.940279,19951129,1,0,0,0,0,0,0,0,0,0,2,1,0,0,0,0,0,0,2,0,3,2,2,2
PM2.5,706,101101,Chilliwack,BC,49.155848,-121.940279,19951130,1,2,4,0,1,2,3,5,1,1,2,2,3,1,2,4,5,0,1,1,2,0,1,0
PM2.5,706,101101,Chilliwack,BC,49.155848,-121.940279,19951201,0,0,0,2,2,0,1,3,3,2,4,2,0,0,0,1,0,0,1,0,0,0,0,2
PM2.5,706,101101,Chilliwack,BC,49.155848,-121.940279,19951202,3,0,1,1,1,1,1,1,2,1,1,0,2,3,1,4,2,1,1,0,1,1,2,2
PM2.5,706,101101,Chilliwack,BC,49.155848,-121.940279,19951203,1,1,2,1,1,2,1,2,1,2,0,0,1,1,3,0,0,1,0,2,0,0,0,3
PM2.5,706,101101,Chilliwack,BC,49.155848,-121.940279,19951204,3,1,0,4,4,4,3,3,5,3,1,1,2,3,3,5,3,5,3,3,6,6,11,9
PM2.5,706,101101,Chilliwack,BC,49.155848,-121.940279,19951205,7,4,3,2,3,2,2,2,2,3,0,1,0,0,1,1,3,7,5,7,7,9,10,8
PM2.5,706,101101,Chilliwack,BC,49.155848,-121.940279,19951206,7,8,6,3,4,4,5,3,7,8,3,1,0,0,1,2,4,10,12,12,13,12,15,12
PM2.5,706,101101,Chilliwack,BC,49.155848,-121.940279,19951207,8,5,7,6,6,7,5,6,2,2,1,0,0,0,1,0,3,2,1,2,2,1,1,0
PM2.5,706,101101,Chilliwack,BC,49.155848,-121.940279,19951208,0,0,2,0,0,0,1,1,2,1,2,2,3,1,3,3,4,3,3,3,3,3,3,3
PM2.5,706,101101,Chilliwack,BC,49.155848,-121.940279,19951209,2,2,3,3,4,2,3,3,5,3,2,3,6,5,5,5,3,3,2,3,2,1,0,0
PM2.5,706,101101,Chilliwack,BC,49.155848,-121.940279,19951210,2,1,1,-999,-999,-999,-999,5,5,1,2,2,2,3,3,4,3,1,3,4,1,0,3,2
PM2.5,706,101101,Chilliwack,BC,49.155848,-121.940279,19951211,1,1,3,2,3,3,1,3,2,3,2,1,1,0,1,4,3,4,4,3,4,4,3,1
PM2.5,706,101101,Chilliwack,BC,49.155848,-121.940279,19951212,0,0,0,0,0,0,0,0,3,0,0,0,1,1,0,1,5,0,2,4,3,7,11,8
PM2.5,706,101101,Chilliwack,BC,49.155848,-121.940279,19951213,3,3,3,0,2,2,3,3,3,3,2,2,3,4,3,6,5,4,6,6,6,7,6,7
PM2.5,706,101101,Chilliwack,BC,49.155848,-121.940279,19951214,4,4,0,0,0,0,0,0,2,0,1,0,2,1,2,1,4,10,10,8,8,5,4,6
PM2.5,706,101101,Chilliwack,BC,49.155848,-121.940279,19951215,2,4,5,5,4,6,6,6,6,7,7,5,7,7,8,6,4,5,7,9,9,7,4,4
PM2.5,706,101101,Chilliwack,BC,49.155848,-121.940279,19951216,6,4,4,4,5,0,1,2,4,7,5,4,4,3,3,8,12,9,7,6,8,1,1,1
PM2.5,706,101101,Chilliwack,BC,49.155848,-121.940279,19951217,0,0,0,0,0,0,0,0,0,0,0,0,2,2,2,1,0,0,2,3,2,1,3,1
PM2.5,706,101101,Chilliwack,BC,49.155848,-121.940279,19951218,0,0,0,0,0,0,2,5,4,4,3,0,1,1,2,3,4,4,2,2,3,2,3,2
PM2.5,706,101101,Chilliwack,BC,49.155848,-121.940279,19951219,1,3,3,3,2,1,1,2,4,4,3,2,2,1,2,2,6,4,6,6,8,9,11,9
PM2.5,706,101101,Chilliwack,BC,49.155848,-121.940279,19951220,5,0,1,2,4,5,3,2,5,3,2,1,1,1,2,5,5,6,6,5,4,5,3,1
PM2.5,706,101101,Chilliwack,BC,49.155848,-121.940279,19951221,1,1,3,0,0,0,0,0,1,3,2,0,0,0,0,3,7,3,9,5,7,7,8,7
PM2.5,706,101101,Chilliwack,BC,49.155848,-121.940279,19951222,4,2,0,0,0,0,0,1,2,2,2,0,0,1,1,2,4,5,6,8,8,2,2,2
PM2.5,706,101101,Chilliwack,BC,49.155848,-121.940279,19951223,2,1,1,2,0,0,2,2,4,1,1,1,0,1,2,2,2,3,3,3,4,5,3,3
PM2.5,706,101101,Chilliwack,BC,49.155848,-121.940279,19951224,2,2,2,1,1,2,3,3,3,2,2,1,1,0,1,2,2,5,7,5,3,2,2,1
PM2.5,706,101101,Chilliwack,BC,49.155848,-121.940279,19951225,2,1,1,1,0,1,2,2,3,3,1,1,1,0,1,0,1,2,2,2,2,1,2,1
PM2.5,706,101101,Chilliwack,BC,49.155848,-121.940279,19951226,1,2,2,1,1,2,2,2,3,3,4,3,2,1,3,3,3,2,2,3,2,4,3,3
PM2.5,706,101101,Chilliwack,BC,49.155848,-121.940279,19951227,2,2,2,2,1,1,2,2,2,2,-999,3,2,2,3,2,3,3,4,4,4,8,6,9
PM2.5,706,101101,Chilliwack,BC,49.155848,-121.940279,19951228,8,9,4,4,4,4,3,4,4,4,3,3,4,5,3,7,5,5,4,6,2,2,1,2
PM2.5,706,101101,Chilliwack,BC,49.155848,-121.940279,19951229,1,1,0,0,1,1,1,1,1,3,1,1,0,3,2,1,1,1,2,3,2,2,2,1
PM2.5,706,101101,Chilliwack,BC,49.155848,-121.940279,19951230,0,1,1,0,0,0,0,0,0,0,0,0,0,1,1,3,2,3,3,3,3,3,4,5
PM2.5,706,101101,Chilliwack,BC,49.155848,-121.940279,19951231,4,6,5,4,3,3,3,2,3,4,4,6,3,2,5,3,5,4,3,6,5,4,3,2
